device,dataset,scope,family,batch,warmup,rounds,n,mean_ms,median_ms,sd_ms,p95_ms,min_ms,max_ms
cpu,CWRU,model_only,Full-S1,1,100,4,1000,39.92271797952708,39.7731680131983,1.6073568744250033,40.91909918060992,38.24669402092695,67.52456701360643
cpu,CWRU,model_only,K1,1,100,4,1000,17.557196212757844,17.426992009859532,1.2587054016407586,18.0106665706262,17.142110038548708,44.949512055609375
cpu,CWRU,end_to_end,Full-S1,1,100,4,1000,40.50693370128283,40.37514398805797,1.380505258410098,41.54921888257377,38.943638966884464,67.95616896124557
cpu,CWRU,end_to_end,K1,1,100,4,1000,18.204083978023846,18.05376200354658,1.2689203383933079,18.741946341469884,17.76043704012409,45.554604032076895
cpu,JNU,model_only,Full-S1,1,100,4,1000,133.58891210862203,132.51825899351388,4.646267378980108,141.04551101336256,128.62228299491107,163.93287701066583
cpu,JNU,model_only,K1,1,100,4,1000,58.172416843415704,58.0098959908355,1.0002457570882148,58.8439393293811,57.5968410121277,84.68582096975297
cpu,JNU,end_to_end,Full-S1,1,100,4,1000,136.11928834114224,134.8201000073459,5.2044157340073705,146.35155111318454,129.65133896796033,177.91747697629035
cpu,JNU,end_to_end,K1,1,100,4,1000,60.11746951309033,60.06402798811905,0.9737234153956722,60.6801722664386,59.31472801603377,87.97535300254822
cpu,HIT,model_only,Full-S1,1,100,4,1000,62.835842749569565,62.66978252097033,1.7631154387836994,63.201215138542466,62.12337699253112,90.98243300104514
cpu,HIT,model_only,K1,1,100,4,1000,32.40270623238757,32.34833449823782,0.2843446110669617,32.79141012462787,31.962105014827102,35.32879700651392
cpu,HIT,end_to_end,Full-S1,1,100,4,1000,63.957269134989474,63.81583650363609,1.6960189165127069,64.31808406778146,63.3048529853113,90.92755801975727
cpu,HIT,end_to_end,K1,1,100,4,1000,33.43257253203774,33.40740199200809,0.21004276893579493,33.79203944641631,32.89065998978913,35.134008969180286
cpu,MAFAULDA,model_only,Full-S1,1,100,4,1000,132.60218417772558,132.4368919886183,2.082660579833746,134.5082807703875,129.26308601163328,159.5147560001351
cpu,MAFAULDA,model_only,K1,1,100,4,1000,58.29235685837921,58.20544247399084,0.3476393391480201,58.814347596489824,57.761800999287516,64.160650013946
cpu,MAFAULDA,end_to_end,Full-S1,1,100,4,1000,134.42237455089344,134.29614799679257,2.1712490146310226,136.54826979909558,129.3633859604597,163.17897802218795
cpu,MAFAULDA,end_to_end,K1,1,100,4,1000,59.897191808209755,59.822311508469284,0.3821778727152584,60.45873876137193,59.166081016883254,65.39593503111973
cuda,CWRU,model_only,Full-S1,1,200,4,1000,11.514036461245269,11.354583519278094,1.8318683889730543,11.81029015860986,11.101741984020919,42.066046968102455
cuda,CWRU,model_only,K1,1,200,4,1000,6.138056804833468,6.124602514319122,0.07327232177971238,6.2557555618695915,5.941201001405716,6.664082000497729
cuda,CWRU,end_to_end,Full-S1,1,200,4,1000,11.851480559853371,11.759825487388298,1.253524250307,12.071044504409656,11.534644989296794,39.75106595316902
cuda,CWRU,end_to_end,K1,1,200,4,1000,6.67388153943466,6.593267491552979,1.2389719649233493,6.782753631705418,6.4596429583616555,34.306684974581
cuda,JNU,model_only,Full-S1,1,200,4,1000,12.087907830195036,11.980243492871523,1.2701054317876121,12.344462069449946,11.693950975313783,40.19929299829528
cuda,JNU,model_only,K1,1,200,4,1000,6.51936268695863,6.444705475587398,1.2387836433392032,6.58971119846683,6.269365025218576,34.456922963727266
cuda,JNU,end_to_end,Full-S1,1,200,4,1000,14.364498156821355,14.219596516340971,1.5485560038945185,14.707836986053735,13.899946992751211,42.50139300711453
cuda,JNU,end_to_end,K1,1,200,4,1000,8.600548156013247,8.470848988508806,1.3386482262456967,8.934583025984466,8.30442999722436,39.955887012183666
cuda,HIT,model_only,Full-S1,1,200,4,1000,12.063212579581887,11.931121000088751,1.5515332294565531,12.284790966077708,11.6287239943631,40.183047007303685
cuda,HIT,model_only,K1,1,200,4,1000,6.504300711676478,6.455683003878221,0.8876271964972295,6.611429815529846,6.271840014960617,34.4344949699007
cuda,HIT,end_to_end,Full-S1,1,200,4,1000,13.628050859784707,13.491884979885072,1.7937973967711123,13.775518559850752,13.156732951756567,42.24925703601912
cuda,HIT,end_to_end,K1,1,200,4,1000,7.753912605869118,7.749370503006503,0.043082636300452,7.8236429078970104,7.572714996058494,8.079913968686014
cuda,MAFAULDA,model_only,Full-S1,1,200,4,1000,12.114641846739687,11.976692010648549,1.6954137126262834,12.31910415517632,11.695574969053268,46.185900981072336
cuda,MAFAULDA,model_only,K1,1,200,4,1000,6.496614995005075,6.447426480008289,0.8903715725822041,6.607630682992749,6.259892019443214,34.49880500556901
cuda,MAFAULDA,end_to_end,Full-S1,1,200,4,1000,14.25859174883226,14.164573978632689,1.2939205796872977,14.476742874830961,13.818758015986532,43.09824696974829
cuda,MAFAULDA,end_to_end,K1,1,200,4,1000,8.487338939041365,8.405419997870922,1.2854890751036272,8.518424149951898,8.21952399564907,37.01126202940941
