device,dataset,scope,family,batch,threads,warmup,rounds,n,mean_ms,median_ms,sd_ms,p95_ms,min_ms,max_ms
cpu,CWRU,model_only,K1-FP32,1,1,100,4,1000,22.73131532879779,22.712018486345187,0.3169149514957779,23.214868156355806,21.841118985321373,25.78806201927364
cpu,CWRU,model_only,Q8-cpu_dynamic,1,1,100,4,1000,21.423412386735436,21.346529480069876,1.2600366844565105,21.903830516384915,20.46526997582987,48.61881898250431
cpu,CWRU,end_to_end,K1-FP32,1,1,100,4,1000,23.30679529980989,23.27863100799732,1.2652971857935817,23.784896184224635,22.285398037638515,50.440507009625435
cpu,CWRU,end_to_end,Q8-cpu_dynamic,1,1,100,4,1000,21.82446813385468,21.848845499334857,0.32583479851014296,22.317872123676352,20.83351102191955,23.05484499083832
cpu,JNU,model_only,K1-FP32,1,1,100,4,1000,128.0882753689075,130.28141699032858,8.605173059901643,133.59762371110264,80.27631201548502,141.06280001578853
cpu,JNU,model_only,Q8-cpu_dynamic,1,1,100,4,1000,96.04767867393093,95.28022597078234,20.901209590430014,119.2693991062697,73.27192497905344,145.79270698595792
cpu,JNU,end_to_end,K1-FP32,1,1,100,4,1000,133.1556987814256,135.24130050791427,8.454620625292646,137.95628619845957,82.47227501124144,163.06591901229694
cpu,JNU,end_to_end,Q8-cpu_dynamic,1,1,100,4,1000,127.34410199447302,128.9146195340436,5.579615308023835,131.4344920538133,97.91898599360138,136.02896698284894
cpu,HIT,model_only,K1-FP32,1,1,100,4,1000,43.76509627903579,43.24132049805485,1.9037360585555434,47.955408052075654,40.83394003100693,70.47175901243463
cpu,HIT,model_only,Q8-cpu_dynamic,1,1,100,4,1000,40.30931418010732,40.296977473190054,1.2629798254701865,41.68889912543818,38.32221700577065,67.06158700399101
cpu,HIT,end_to_end,K1-FP32,1,1,100,4,1000,44.50051630771486,44.19699602294713,1.4396945008994209,46.575580126955174,42.39445005077869,60.78704696847126
cpu,HIT,end_to_end,Q8-cpu_dynamic,1,1,100,4,1000,41.640148338105064,41.52450751280412,1.345521365632727,42.590857279719785,40.03059398382902,69.35164995957166
cpu,MAFAULDA,model_only,K1-FP32,1,1,100,4,1000,113.13015827920754,113.16294650896452,2.5316520600623393,115.51918245386332,98.43533299863338,140.82932699238881
cpu,MAFAULDA,model_only,Q8-cpu_dynamic,1,1,100,4,1000,105.5336953040096,106.67433947673999,3.681072125019765,108.5585445369361,94.80185696156695,111.80858500301838
cpu,MAFAULDA,end_to_end,K1-FP32,1,1,100,4,1000,116.06388187524863,116.92501403740607,2.7361232665668047,117.843105996144,101.48811497492716,121.00431701401249
cpu,MAFAULDA,end_to_end,Q8-cpu_dynamic,1,1,100,4,1000,109.00281517766416,110.16464148997329,3.822662230033517,111.38882013910916,96.1436650250107,136.98660401860252
