fold,seed,k1_macro_4_f1,q8_macro_4_f1,delta_f1,k1_macro_4_auc,q8_macro_4_auc,delta_auc
1,42,0.9441717039711409,0.9440275407141151,-0.00014416325702582,0.998797306455643,0.9988078370124629,1.053055681987658e-05
1,1337,0.9507758029194635,0.9507758029194635,0.0,0.9942038433898975,0.9942030453040054,-7.980858921508016e-07
1,2026,0.941292698827997,0.941292698827997,0.0,0.9960638370633789,0.9960396678191011,-2.4169244277727486e-05
2,42,0.9777876066394686,0.9777876066394686,0.0,0.9993682755674108,0.9993726172752313,4.341707820487706e-06
2,1337,0.9729818787224055,0.9729818787224055,0.0,0.9993678027541182,0.9993660307595542,-1.7719945639704804e-06
2,2026,0.9191949294082695,0.9191949294082695,0.0,0.99305251329364,0.9930245362025074,-2.7977091132558307e-05
3,42,0.9673350742797775,0.9672201016585344,-0.00011497262124304797,0.99615208425901,0.9961647926959243,1.270843691425494e-05
3,1337,0.9610073386876812,0.9612584677451257,0.0002511290574445102,0.9964675526940124,0.9964809734570452,1.3420763032789829e-05
3,2026,0.9634632770949041,0.9634632770949041,0.0,0.9941097479849241,0.9940956030435499,-1.414494137419453e-05
