device,dataset,scope,family,inference_mode,batch,threads,warmup,rounds,n,mean_ms,median_ms,sd_ms,p95_ms,min_ms,max_ms
cpu,CWRU,model_only,Full-S1,True,1,1,100,4,1000,19.92354660696583,19.839809014229104,0.29711562218544946,20.37230255373288,19.6578610339202,23.057834012433887
cpu,CWRU,model_only,K1,True,1,1,100,4,1000,10.60703385056695,10.552741499850526,0.18684683187462614,10.912368734716438,10.448063956573606,11.912035988643765
cpu,CWRU,end_to_end,Full-S1,True,1,1,100,4,1000,20.35962562536588,20.320966985309497,0.18244949963972346,20.598133688326925,20.209836948197335,22.77607994619757
cpu,CWRU,end_to_end,K1,True,1,1,100,4,1000,11.023303810507059,11.01271202787757,0.07656154398047747,11.133114725816995,10.896223015151918,12.432454968802631
cpu,JNU,model_only,Full-S1,True,1,1,100,4,1000,82.40441718493821,82.33750850195065,0.689297744968677,83.40223244158551,80.36611200077459,87.02102798270062
cpu,JNU,model_only,K1,True,1,1,100,4,1000,42.04370862938231,41.88477946445346,0.45050404202182315,42.800086532952264,41.684950003400445,46.251602994743735
cpu,JNU,end_to_end,Full-S1,True,1,1,100,4,1000,80.84237829700578,80.68093849578872,0.484735353497915,81.59964612859767,79.90447100019082,87.07535499706864
cpu,JNU,end_to_end,K1,True,1,1,100,4,1000,42.40833363978891,42.321659973822534,0.2809408353290058,42.93920989439357,42.19281004043296,45.058753981720656
cpu,HIT,model_only,Full-S1,True,1,1,100,4,1000,37.50944941025227,37.45025148964487,0.22614242751003238,37.812542013125494,37.31939702993259,40.33672699006274
cpu,HIT,model_only,K1,True,1,1,100,4,1000,19.800268490216695,19.742981501622126,0.574234260903288,20.140818395884708,19.629429967608303,37.171284027863294
cpu,HIT,end_to_end,Full-S1,True,1,1,100,4,1000,38.513695402478334,38.386909494875,0.5118272554929694,39.25564722449053,38.17082103341818,44.2497719777748
cpu,HIT,end_to_end,K1,True,1,1,100,4,1000,20.768269484862685,20.6986460252665,0.27723809009139644,21.101450390415266,20.567775005474687,23.36599596310407
cpu,MAFAULDA,model_only,Full-S1,True,1,1,100,4,1000,80.25725896167569,79.20972898136824,1.781280359024151,83.44640533032361,78.37382901925594,87.71098800934851
cpu,MAFAULDA,model_only,K1,True,1,1,100,4,1000,42.14260231924709,42.05827950499952,0.2968711983159565,42.7618631219957,41.81423899717629,45.45936203794554
cpu,MAFAULDA,end_to_end,Full-S1,True,1,1,100,4,1000,83.5601268382743,83.40792899252847,0.7478669527756605,84.73337229224853,82.74644601624459,94.7170439758338
cpu,MAFAULDA,end_to_end,K1,True,1,1,100,4,1000,45.029475280374754,44.86671497579664,0.7319598959371276,46.04180694441311,43.93912403611466,54.27072400925681
cuda,CWRU,model_only,Full-S1,True,1,,200,4,1000,7.493440333637409,7.467867981176823,0.17197264264904472,7.617923369980417,7.390487007796764,12.284662981983274
cuda,CWRU,model_only,K1,True,1,,200,4,1000,4.042017183848657,4.030162002891302,0.054072023091413006,4.106843966292217,3.9805039996281266,4.895130987279117
cuda,CWRU,end_to_end,Full-S1,True,1,,200,4,1000,8.073384515475482,8.050936507061124,0.08189986192029462,8.216943294974044,7.9728320124559104,8.715529984328896
cuda,CWRU,end_to_end,K1,True,1,,200,4,1000,4.62052780558588,4.607927985489368,0.06575208311293058,4.707017590408213,4.5509160263463855,5.835474992636591
cuda,JNU,model_only,Full-S1,True,1,,200,4,1000,7.805244971124921,7.786403002683073,0.07089273464007123,7.909146032761782,7.721303962171078,8.432215952780098
cuda,JNU,model_only,K1,True,1,,200,4,1000,4.2187661728821695,4.204236465739086,0.06413879612634893,4.296675324440002,4.145560029428452,5.168147967197001
cuda,JNU,end_to_end,Full-S1,True,1,,200,4,1000,10.558635790890548,10.593678016448393,0.16798993902189066,10.673665849026293,9.839011006988585,10.891180019825697
cuda,JNU,end_to_end,K1,True,1,,200,4,1000,6.5127762536285445,6.7403269931674,0.33310876631557906,6.802477419842035,6.006787996739149,7.999674999155104
cuda,HIT,model_only,Full-S1,True,1,,200,4,1000,7.811523210373707,7.790233474224806,0.07707841412587323,7.924362306948751,7.723802991677076,8.450336987152696
cuda,HIT,model_only,K1,True,1,,200,4,1000,4.221051386441104,4.206582496408373,0.05558970568425959,4.309678409481421,4.1611940250732005,4.857091000303626
cuda,HIT,end_to_end,Full-S1,True,1,,200,4,1000,9.095199592935387,9.094139008084312,0.022593416079370494,9.134284013998695,9.032348985783756,9.18175297556445
cuda,HIT,end_to_end,K1,True,1,,200,4,1000,5.375528623932041,5.372565501602367,0.029723188213176474,5.410811834735796,5.331496009603143,6.060752959456295
cuda,MAFAULDA,model_only,Full-S1,True,1,,200,4,1000,7.82641145971138,7.800807012245059,0.09825789111504715,7.9521001316607,7.736742030829191,9.06158797442913
cuda,MAFAULDA,model_only,K1,True,1,,200,4,1000,4.231901773659047,4.214004497043788,0.05932882298453338,4.355277214199305,4.1697120177559555,4.655453027226031
cuda,MAFAULDA,end_to_end,Full-S1,True,1,,200,4,1000,10.578849075071048,10.568180994596332,0.06360742541046577,10.663530524470843,10.476224997546524,11.694497952703387
cuda,MAFAULDA,end_to_end,K1,True,1,,200,4,1000,6.738285249506589,6.73646351788193,0.026324242047035196,6.774000430596061,6.686794979032129,6.905838963575661
