batch,dataset,device,family,inference_mode,median_batch_ms,n,per_window_ms,status,warmup,windows_per_second
32,CWRU,cuda,Full-S1,True,33.678540465189144,200,1.0524543895371608,ok,50,950.1599403654645
32,CWRU,cuda,K1,True,16.679211519658566,200,0.5212253599893302,ok,50,1918.555919881701
32,JNU,cuda,Full-S1,True,235.26429251069203,200,7.352009140959126,ok,50,136.01724111424898
32,JNU,cuda,K1,True,119.73859547288157,200,3.741831108527549,ok,50,267.24883379183586
32,HIT,cuda,Full-S1,True,91.60411046468653,200,2.862628452021454,ok,50,349.32930233885116
32,HIT,cuda,K1,True,46.48750051273964,200,1.4527343910231139,ok,50,688.3570776456475
32,MAFAULDA,cuda,Full-S1,True,235.47304299427196,200,7.358532593570999,ok,50,135.896659732632
32,MAFAULDA,cuda,K1,True,119.53008751152083,200,3.735315234735026,ok,50,267.7150219346715
32,CWRU,cpu,Full-S1,True,1041.9043749570847,25,32.559511717408895,ok,5,30.712991296651442
32,CWRU,cpu,K1,True,551.0173609945923,25,17.21929253108101,ok,5,58.07439522820053
32,JNU,cpu,Full-S1,True,5720.306220988277,25,178.75956940588367,ok,5,5.594106113163899
32,JNU,cpu,K1,True,2969.468151044566,25,92.7958797201427,ok,5,10.776340533823674
32,HIT,cpu,Full-S1,True,2393.2274429826066,25,74.78835759320646,ok,5,13.371065125393754
32,HIT,cpu,K1,True,1268.5911920270883,25,39.64347475084651,ok,5,25.22483223998035
32,MAFAULDA,cpu,Full-S1,True,5614.412533002906,25,175.4503916563408,ok,5,5.699616800848902
32,MAFAULDA,cpu,K1,True,2908.244278980419,25,90.8826337181381,ok,5,11.003202252053825
