pair_id,final_spec_version,global_fold,seed,s0_run_id,ssl_run_id,s1_run_id,expected_initial_encoder_canonical_sha256,head_init_seed,expected_initial_head_canonical_sha256,steps_per_epoch,manifest_sha256
final_s0_s1.v1|gf1|s42,final_s0_s1.v1,1,42,pcstev2_final_v1_s0_gf1_s42,pcstev2_final_v1_ssl_gf1_s42,pcstev2_final_v1_s1_gf1_s42,f4b61ea70a4df9d649aac5dbb36eadfd2f1ef674a8e288e2e9cbe14eaf66554e,2679286798,3c50c66f6b8412e9b3ce97da3fa65785414169124842701dbffe546085b6bdbd,214,456a69474a3763647b7e0ad13f5538e8f630d268347671ad617134b08e830d0a
final_s0_s1.v1|gf1|s1337,final_s0_s1.v1,1,1337,pcstev2_final_v1_s0_gf1_s1337,pcstev2_final_v1_ssl_gf1_s1337,pcstev2_final_v1_s1_gf1_s1337,bd6e7a37bf58f5aac20f8f8a6a4a9321c38b754398d0a2a483dbe8ff10be7076,3867094343,6ca334d209454b22d8d1de008675b8d22e9c6ff3879bc2472cb317391f0c0f4f,214,456a69474a3763647b7e0ad13f5538e8f630d268347671ad617134b08e830d0a
final_s0_s1.v1|gf1|s2026,final_s0_s1.v1,1,2026,pcstev2_final_v1_s0_gf1_s2026,pcstev2_final_v1_ssl_gf1_s2026,pcstev2_final_v1_s1_gf1_s2026,3962b31eebed24ed2145e1488c2c6473297d9bdf323bfc834f5e205f790536e8,1248498167,0053d914d3428d73370e5453b5edadea646190246d5025e7faa497d4c62b583d,214,456a69474a3763647b7e0ad13f5538e8f630d268347671ad617134b08e830d0a
final_s0_s1.v1|gf2|s42,final_s0_s1.v1,2,42,pcstev2_final_v1_s0_gf2_s42,pcstev2_final_v1_ssl_gf2_s42,pcstev2_final_v1_s1_gf2_s42,f4b61ea70a4df9d649aac5dbb36eadfd2f1ef674a8e288e2e9cbe14eaf66554e,4076130478,d895e98705696124d978fbbae69c1f9f143805f884c637ea8bcfb060a68e4d78,212,74029f81a4b5617b13218812aa26568b0f3a268f8f6b450b5ab0293b17f71f93
final_s0_s1.v1|gf2|s1337,final_s0_s1.v1,2,1337,pcstev2_final_v1_s0_gf2_s1337,pcstev2_final_v1_ssl_gf2_s1337,pcstev2_final_v1_s1_gf2_s1337,bd6e7a37bf58f5aac20f8f8a6a4a9321c38b754398d0a2a483dbe8ff10be7076,1014029204,2ce0b2a1a532b6ea47fb1d5cfbe0b70410b349aab6eefdb199c8dd530fb4ee16,212,74029f81a4b5617b13218812aa26568b0f3a268f8f6b450b5ab0293b17f71f93
final_s0_s1.v1|gf2|s2026,final_s0_s1.v1,2,2026,pcstev2_final_v1_s0_gf2_s2026,pcstev2_final_v1_ssl_gf2_s2026,pcstev2_final_v1_s1_gf2_s2026,3962b31eebed24ed2145e1488c2c6473297d9bdf323bfc834f5e205f790536e8,3893540446,c8801343f9343abe4eaa0cbe1a3138177edbe70677f1f52d4fe47d5c397ec591,212,74029f81a4b5617b13218812aa26568b0f3a268f8f6b450b5ab0293b17f71f93
final_s0_s1.v1|gf3|s42,final_s0_s1.v1,3,42,pcstev2_final_v1_s0_gf3_s42,pcstev2_final_v1_ssl_gf3_s42,pcstev2_final_v1_s1_gf3_s42,f4b61ea70a4df9d649aac5dbb36eadfd2f1ef674a8e288e2e9cbe14eaf66554e,457363979,b70a7b356d8122d90731ba2e747ffb71f7be3327119072a28e3f71491c6daa0f,223,fe622f3bc1146998d00fe070ea045f0790145b55a028effea52de00f94000f0e
final_s0_s1.v1|gf3|s1337,final_s0_s1.v1,3,1337,pcstev2_final_v1_s0_gf3_s1337,pcstev2_final_v1_ssl_gf3_s1337,pcstev2_final_v1_s1_gf3_s1337,bd6e7a37bf58f5aac20f8f8a6a4a9321c38b754398d0a2a483dbe8ff10be7076,1575989302,28a9983f57d394ef492d55dfbc5333e1e1abfec1516501ba20652e5020b1bc02,223,fe622f3bc1146998d00fe070ea045f0790145b55a028effea52de00f94000f0e
final_s0_s1.v1|gf3|s2026,final_s0_s1.v1,3,2026,pcstev2_final_v1_s0_gf3_s2026,pcstev2_final_v1_ssl_gf3_s2026,pcstev2_final_v1_s1_gf3_s2026,3962b31eebed24ed2145e1488c2c6473297d9bdf323bfc834f5e205f790536e8,3952061223,9ba3721771a51f133c0862839db0d094808b5c9ca309a7e185ccd5f9f6060c0d,223,fe622f3bc1146998d00fe070ea045f0790145b55a028effea52de00f94000f0e
