run_id,phase,global_fold,seed,epochs,steps_per_epoch,depends_on,status,command,output_path
pcstev2_final_v1_ssl_gf1_s42,ssl,1,42,60,214,,PENDING,PYTORCH_ALLOC_CONF=expandable_segments:True .venv/bin/python scripts/pcste_v2/run_ssl.py --protocol global_v2_final_s0s1_v1 --fold 1 --seed 42 --stage final_v1 --run-id pcstev2_final_v1_ssl_gf1_s42 --authorize-launch <FREEZE_DIGEST>,results/pcste_v2/final_v1/pcstev2_final_v1_ssl_gf1_s42
pcstev2_final_v1_ssl_gf1_s1337,ssl,1,1337,60,214,,PENDING,PYTORCH_ALLOC_CONF=expandable_segments:True .venv/bin/python scripts/pcste_v2/run_ssl.py --protocol global_v2_final_s0s1_v1 --fold 1 --seed 1337 --stage final_v1 --run-id pcstev2_final_v1_ssl_gf1_s1337 --authorize-launch <FREEZE_DIGEST>,results/pcste_v2/final_v1/pcstev2_final_v1_ssl_gf1_s1337
pcstev2_final_v1_ssl_gf1_s2026,ssl,1,2026,60,214,,PENDING,PYTORCH_ALLOC_CONF=expandable_segments:True .venv/bin/python scripts/pcste_v2/run_ssl.py --protocol global_v2_final_s0s1_v1 --fold 1 --seed 2026 --stage final_v1 --run-id pcstev2_final_v1_ssl_gf1_s2026 --authorize-launch <FREEZE_DIGEST>,results/pcste_v2/final_v1/pcstev2_final_v1_ssl_gf1_s2026
pcstev2_final_v1_ssl_gf2_s42,ssl,2,42,60,212,,PENDING,PYTORCH_ALLOC_CONF=expandable_segments:True .venv/bin/python scripts/pcste_v2/run_ssl.py --protocol global_v2_final_s0s1_v1 --fold 2 --seed 42 --stage final_v1 --run-id pcstev2_final_v1_ssl_gf2_s42 --authorize-launch <FREEZE_DIGEST>,results/pcste_v2/final_v1/pcstev2_final_v1_ssl_gf2_s42
pcstev2_final_v1_ssl_gf2_s1337,ssl,2,1337,60,212,,PENDING,PYTORCH_ALLOC_CONF=expandable_segments:True .venv/bin/python scripts/pcste_v2/run_ssl.py --protocol global_v2_final_s0s1_v1 --fold 2 --seed 1337 --stage final_v1 --run-id pcstev2_final_v1_ssl_gf2_s1337 --authorize-launch <FREEZE_DIGEST>,results/pcste_v2/final_v1/pcstev2_final_v1_ssl_gf2_s1337
pcstev2_final_v1_ssl_gf2_s2026,ssl,2,2026,60,212,,PENDING,PYTORCH_ALLOC_CONF=expandable_segments:True .venv/bin/python scripts/pcste_v2/run_ssl.py --protocol global_v2_final_s0s1_v1 --fold 2 --seed 2026 --stage final_v1 --run-id pcstev2_final_v1_ssl_gf2_s2026 --authorize-launch <FREEZE_DIGEST>,results/pcste_v2/final_v1/pcstev2_final_v1_ssl_gf2_s2026
pcstev2_final_v1_ssl_gf3_s42,ssl,3,42,60,223,,PENDING,PYTORCH_ALLOC_CONF=expandable_segments:True .venv/bin/python scripts/pcste_v2/run_ssl.py --protocol global_v2_final_s0s1_v1 --fold 3 --seed 42 --stage final_v1 --run-id pcstev2_final_v1_ssl_gf3_s42 --authorize-launch <FREEZE_DIGEST>,results/pcste_v2/final_v1/pcstev2_final_v1_ssl_gf3_s42
pcstev2_final_v1_ssl_gf3_s1337,ssl,3,1337,60,223,,PENDING,PYTORCH_ALLOC_CONF=expandable_segments:True .venv/bin/python scripts/pcste_v2/run_ssl.py --protocol global_v2_final_s0s1_v1 --fold 3 --seed 1337 --stage final_v1 --run-id pcstev2_final_v1_ssl_gf3_s1337 --authorize-launch <FREEZE_DIGEST>,results/pcste_v2/final_v1/pcstev2_final_v1_ssl_gf3_s1337
pcstev2_final_v1_ssl_gf3_s2026,ssl,3,2026,60,223,,PENDING,PYTORCH_ALLOC_CONF=expandable_segments:True .venv/bin/python scripts/pcste_v2/run_ssl.py --protocol global_v2_final_s0s1_v1 --fold 3 --seed 2026 --stage final_v1 --run-id pcstev2_final_v1_ssl_gf3_s2026 --authorize-launch <FREEZE_DIGEST>,results/pcste_v2/final_v1/pcstev2_final_v1_ssl_gf3_s2026
