global_fold,dataset,source_protocol,train,validation,test,n_groups_train,n_recordings_train,classes,patch_grid,separation,normaliser_sha256
1,CWRU,pcste_v2_cwru_native12_load_v1 (ONE fixed load partition in every global fold),1007,260,260,20,53,3,"(9, 23)",recording-disjoint and load-disjoint; NOT specimen-disjoint (same-specimen/different-load by design),ba53bf230e9a0d9678df73da786e2df3dfc4aab19a42b288c574f6de3ed21f7e
1,JNU,sealed methodology_v2.part3b.v1 fold 1 (guarded temporal macro-blocks),120,24,24,12,12,4,"(33, 24)",within-recording temporal holdout with 1 s guards; recordings and groups appear in every split BY DESIGN,87e49d9bedac90eb3e5a3dc784cf3f6c2205a933b66ab7848e2663f66ecee5a3
1,HIT,sealed methodology_v2.part3b.v1 fold 1 (held-out logical recordings),2632,280,280,94,94,3,"(17, 24)",held-out logical recordings (group=recording disjoint across splits),87c56806636dc54d2859564c551f6dcee88b1a1fabae4252740aa77b72e18670
1,MAFAULDA,"mafaulda_v2.stratified.v1 fold 1, radial-only",9783,2205,2115,58,1087,10,"(33, 24)",configuration/severity-disjoint groups,25f247f287182c7c5a79e8ee460f96d0341cf893727f29b2f2e840c830d45be3
2,CWRU,pcste_v2_cwru_native12_load_v1 (ONE fixed load partition in every global fold),1007,260,260,20,53,3,"(9, 23)",recording-disjoint and load-disjoint; NOT specimen-disjoint (same-specimen/different-load by design),b70c054640ebce36daf5de364169be3566a81e7124d0ba6df06ad7601e1cb706
2,JNU,sealed methodology_v2.part3b.v1 fold 2 (guarded temporal macro-blocks),108,24,24,12,12,4,"(33, 24)",within-recording temporal holdout with 1 s guards; recordings and groups appear in every split BY DESIGN,b37b9876df2143faf09004b0fe664948135538cfcb6aa649ac7b9e6cccb295bf
2,HIT,sealed methodology_v2.part3b.v1 fold 2 (held-out logical recordings),2632,280,280,94,94,3,"(17, 24)",held-out logical recordings (group=recording disjoint across splits),e9dd0b5a5b697fafb1cb61aa0a11e11ffbc81ee9bf8f89e14c5b7cd153302904
2,MAFAULDA,"mafaulda_v2.stratified.v1 fold 2, radial-only",9783,2115,2205,58,1087,10,"(33, 24)",configuration/severity-disjoint groups,9902a3e95d3ee3933d566ede1a41231056d16ccd83d68258a873f0a48442b90e
3,CWRU,pcste_v2_cwru_native12_load_v1 (ONE fixed load partition in every global fold),1007,260,260,20,53,3,"(9, 23)",recording-disjoint and load-disjoint; NOT specimen-disjoint (same-specimen/different-load by design),8a5380d3ebc64a70615466b250b6e67a6320810fbe718e67fc4257ecef5a8377
3,JNU,sealed methodology_v2.part3b.v1 fold 3 (guarded temporal macro-blocks),120,24,24,12,12,4,"(33, 24)",within-recording temporal holdout with 1 s guards; recordings and groups appear in every split BY DESIGN,c8c30a65fee1f6464e531ac8152e96c77e8b96c90ff452282e267ea9650fe871
3,HIT,sealed methodology_v2.part3b.v1 fold 3 (held-out logical recordings),2632,280,280,94,94,3,"(17, 24)",held-out logical recordings (group=recording disjoint across splits),f079caab53f7c0b1c31a69b63c4162b230ba665ec60ce17dca4e9f351af1e6fc
3,MAFAULDA,"mafaulda_v2.stratified.v1 fold 3, radial-only",10161,2260,1850,58,1129,10,"(33, 24)",configuration/severity-disjoint groups,bca9fe2fe895701b8f7f39bf283e8906dc5c852e72cbac6cf6135d48410cb7d9
