run_id,phase,strategy,global_fold,seed,epochs,steps_per_epoch,depends_on,status,pair_id,init_encoder,command,output_path
pcstev2_final_v1_s1_gf1_s42,s1,S1,1,42,50,214,pcstev2_final_v1_ssl_gf1_s42,PENDING,final_s0_s1.v1|gf1|s42,results/pcste_v2/final_v1/pcstev2_final_v1_ssl_gf1_s42/best_encoder.pt,PYTORCH_ALLOC_CONF=expandable_segments:True .venv/bin/python scripts/pcste_v2/run.py --variant n2b --protocol global_v2_final_s0s1_v1 --fold 1 --seed 42 --stage final_v1 --run-id pcstev2_final_v1_s1_gf1_s42 --init-encoder results/pcste_v2/final_v1/pcstev2_final_v1_ssl_gf1_s42/best_encoder.pt --authorize-launch <FREEZE_DIGEST>,results/pcste_v2/final_v1/pcstev2_final_v1_s1_gf1_s42
pcstev2_final_v1_s1_gf1_s1337,s1,S1,1,1337,50,214,pcstev2_final_v1_ssl_gf1_s1337,PENDING,final_s0_s1.v1|gf1|s1337,results/pcste_v2/final_v1/pcstev2_final_v1_ssl_gf1_s1337/best_encoder.pt,PYTORCH_ALLOC_CONF=expandable_segments:True .venv/bin/python scripts/pcste_v2/run.py --variant n2b --protocol global_v2_final_s0s1_v1 --fold 1 --seed 1337 --stage final_v1 --run-id pcstev2_final_v1_s1_gf1_s1337 --init-encoder results/pcste_v2/final_v1/pcstev2_final_v1_ssl_gf1_s1337/best_encoder.pt --authorize-launch <FREEZE_DIGEST>,results/pcste_v2/final_v1/pcstev2_final_v1_s1_gf1_s1337
pcstev2_final_v1_s1_gf1_s2026,s1,S1,1,2026,50,214,pcstev2_final_v1_ssl_gf1_s2026,PENDING,final_s0_s1.v1|gf1|s2026,results/pcste_v2/final_v1/pcstev2_final_v1_ssl_gf1_s2026/best_encoder.pt,PYTORCH_ALLOC_CONF=expandable_segments:True .venv/bin/python scripts/pcste_v2/run.py --variant n2b --protocol global_v2_final_s0s1_v1 --fold 1 --seed 2026 --stage final_v1 --run-id pcstev2_final_v1_s1_gf1_s2026 --init-encoder results/pcste_v2/final_v1/pcstev2_final_v1_ssl_gf1_s2026/best_encoder.pt --authorize-launch <FREEZE_DIGEST>,results/pcste_v2/final_v1/pcstev2_final_v1_s1_gf1_s2026
pcstev2_final_v1_s1_gf2_s42,s1,S1,2,42,50,212,pcstev2_final_v1_ssl_gf2_s42,PENDING,final_s0_s1.v1|gf2|s42,results/pcste_v2/final_v1/pcstev2_final_v1_ssl_gf2_s42/best_encoder.pt,PYTORCH_ALLOC_CONF=expandable_segments:True .venv/bin/python scripts/pcste_v2/run.py --variant n2b --protocol global_v2_final_s0s1_v1 --fold 2 --seed 42 --stage final_v1 --run-id pcstev2_final_v1_s1_gf2_s42 --init-encoder results/pcste_v2/final_v1/pcstev2_final_v1_ssl_gf2_s42/best_encoder.pt --authorize-launch <FREEZE_DIGEST>,results/pcste_v2/final_v1/pcstev2_final_v1_s1_gf2_s42
pcstev2_final_v1_s1_gf2_s1337,s1,S1,2,1337,50,212,pcstev2_final_v1_ssl_gf2_s1337,PENDING,final_s0_s1.v1|gf2|s1337,results/pcste_v2/final_v1/pcstev2_final_v1_ssl_gf2_s1337/best_encoder.pt,PYTORCH_ALLOC_CONF=expandable_segments:True .venv/bin/python scripts/pcste_v2/run.py --variant n2b --protocol global_v2_final_s0s1_v1 --fold 2 --seed 1337 --stage final_v1 --run-id pcstev2_final_v1_s1_gf2_s1337 --init-encoder results/pcste_v2/final_v1/pcstev2_final_v1_ssl_gf2_s1337/best_encoder.pt --authorize-launch <FREEZE_DIGEST>,results/pcste_v2/final_v1/pcstev2_final_v1_s1_gf2_s1337
pcstev2_final_v1_s1_gf2_s2026,s1,S1,2,2026,50,212,pcstev2_final_v1_ssl_gf2_s2026,PENDING,final_s0_s1.v1|gf2|s2026,results/pcste_v2/final_v1/pcstev2_final_v1_ssl_gf2_s2026/best_encoder.pt,PYTORCH_ALLOC_CONF=expandable_segments:True .venv/bin/python scripts/pcste_v2/run.py --variant n2b --protocol global_v2_final_s0s1_v1 --fold 2 --seed 2026 --stage final_v1 --run-id pcstev2_final_v1_s1_gf2_s2026 --init-encoder results/pcste_v2/final_v1/pcstev2_final_v1_ssl_gf2_s2026/best_encoder.pt --authorize-launch <FREEZE_DIGEST>,results/pcste_v2/final_v1/pcstev2_final_v1_s1_gf2_s2026
pcstev2_final_v1_s1_gf3_s42,s1,S1,3,42,50,223,pcstev2_final_v1_ssl_gf3_s42,PENDING,final_s0_s1.v1|gf3|s42,results/pcste_v2/final_v1/pcstev2_final_v1_ssl_gf3_s42/best_encoder.pt,PYTORCH_ALLOC_CONF=expandable_segments:True .venv/bin/python scripts/pcste_v2/run.py --variant n2b --protocol global_v2_final_s0s1_v1 --fold 3 --seed 42 --stage final_v1 --run-id pcstev2_final_v1_s1_gf3_s42 --init-encoder results/pcste_v2/final_v1/pcstev2_final_v1_ssl_gf3_s42/best_encoder.pt --authorize-launch <FREEZE_DIGEST>,results/pcste_v2/final_v1/pcstev2_final_v1_s1_gf3_s42
pcstev2_final_v1_s1_gf3_s1337,s1,S1,3,1337,50,223,pcstev2_final_v1_ssl_gf3_s1337,PENDING,final_s0_s1.v1|gf3|s1337,results/pcste_v2/final_v1/pcstev2_final_v1_ssl_gf3_s1337/best_encoder.pt,PYTORCH_ALLOC_CONF=expandable_segments:True .venv/bin/python scripts/pcste_v2/run.py --variant n2b --protocol global_v2_final_s0s1_v1 --fold 3 --seed 1337 --stage final_v1 --run-id pcstev2_final_v1_s1_gf3_s1337 --init-encoder results/pcste_v2/final_v1/pcstev2_final_v1_ssl_gf3_s1337/best_encoder.pt --authorize-launch <FREEZE_DIGEST>,results/pcste_v2/final_v1/pcstev2_final_v1_s1_gf3_s1337
pcstev2_final_v1_s1_gf3_s2026,s1,S1,3,2026,50,223,pcstev2_final_v1_ssl_gf3_s2026,PENDING,final_s0_s1.v1|gf3|s2026,results/pcste_v2/final_v1/pcstev2_final_v1_ssl_gf3_s2026/best_encoder.pt,PYTORCH_ALLOC_CONF=expandable_segments:True .venv/bin/python scripts/pcste_v2/run.py --variant n2b --protocol global_v2_final_s0s1_v1 --fold 3 --seed 2026 --stage final_v1 --run-id pcstev2_final_v1_s1_gf3_s2026 --init-encoder results/pcste_v2/final_v1/pcstev2_final_v1_ssl_gf3_s2026/best_encoder.pt --authorize-launch <FREEZE_DIGEST>,results/pcste_v2/final_v1/pcstev2_final_v1_s1_gf3_s2026
