fold,seed,k1_run_id,k1_checkpoint,k1_sha256,selected_epoch,validation_macro_domain_f1
1,42,pcstev2_lightweight_v1_k1_gf1_s42,results/pcste_v2/lightweight_v1/pcstev2_lightweight_v1_k1_gf1_s42/best.pt,10770c5359337cae6e8f82665a3533b87548fa7f57fad42c5d4d6ba2f9952c5b,23,0.9934071749256772
1,1337,pcstev2_lightweight_v1_k1_gf1_s1337,results/pcste_v2/lightweight_v1/pcstev2_lightweight_v1_k1_gf1_s1337/best.pt,bda95639ad23241c6b047cbec0c825ee53a31bab4bed147484ad615062714725,25,0.9905436529191768
1,2026,pcstev2_lightweight_v1_k1_gf1_s2026,results/pcste_v2/lightweight_v1/pcstev2_lightweight_v1_k1_gf1_s2026/best.pt,665fa67f9521a4239c9a727e0633276e5eba56c0ed8dd0513fd77c64c2b21cf5,1,0.9886525380030676
2,42,pcstev2_lightweight_v1_k1_gf2_s42,results/pcste_v2/lightweight_v1/pcstev2_lightweight_v1_k1_gf2_s42/best.pt,51cd8364afcd10a5657760c4b3493d0a104929d5347efb7b279ee94738eba1fe,11,0.9917302455105466
2,1337,pcstev2_lightweight_v1_k1_gf2_s1337,results/pcste_v2/lightweight_v1/pcstev2_lightweight_v1_k1_gf2_s1337/best.pt,7018d01c48d1b2c11e96f53cee8c4e8d6579f8f95a9f905dfdcbc2e85c23dfca,20,0.9841301559829307
2,2026,pcstev2_lightweight_v1_k1_gf2_s2026,results/pcste_v2/lightweight_v1/pcstev2_lightweight_v1_k1_gf2_s2026/best.pt,c5e88907837768cfe25ea3a05fdd3eee6386f586e94f48c908d155fec022af25,2,0.9785258384983887
3,42,pcstev2_lightweight_v1_k1_gf3_s42,results/pcste_v2/lightweight_v1/pcstev2_lightweight_v1_k1_gf3_s42/best.pt,10a0b2b24facf2093c8f65cb0fb362f6a5fc7e5477454b4c77a1c8b0f56c016e,33,0.9870684656766702
3,1337,pcstev2_lightweight_v1_k1_gf3_s1337,results/pcste_v2/lightweight_v1/pcstev2_lightweight_v1_k1_gf3_s1337/best.pt,e74e71f26eabb69272e851ce2e08b9439a4f3d6990bf7b674174c3299ea90e34,17,0.9714522759323951
3,2026,pcstev2_lightweight_v1_k1_gf3_s2026,results/pcste_v2/lightweight_v1/pcstev2_lightweight_v1_k1_gf3_s2026/best.pt,4840188f9ff5e6cdc60d1c820fcfc266c908d8e47a743208583eb6939719bae1,7,0.987262678921944
