fold,meaning,split,fault_type,value,n_specimens,n_recordings,n_windows
1,fault_bearing_end,test,ball,DE,4,4,40
1,fault_bearing_end,test,ball,FE,3,3,30
1,fault_bearing_end,test,inner_race,DE,4,4,40
1,fault_bearing_end,test,inner_race,FE,3,3,30
1,fault_bearing_end,test,outer_race,DE,3,7,70
1,fault_bearing_end,test,outer_race,FE,3,5,50
1,fault_bearing_end,train,ball,DE,4,8,152
1,fault_bearing_end,train,ball,FE,3,6,114
1,fault_bearing_end,train,inner_race,DE,4,8,152
1,fault_bearing_end,train,inner_race,FE,3,6,114
1,fault_bearing_end,train,outer_race,DE,3,14,266
1,fault_bearing_end,train,outer_race,FE,3,11,209
1,fault_bearing_end,validation,ball,DE,4,4,40
1,fault_bearing_end,validation,ball,FE,3,3,30
1,fault_bearing_end,validation,inner_race,DE,4,4,40
1,fault_bearing_end,validation,inner_race,FE,3,3,30
1,fault_bearing_end,validation,outer_race,DE,3,7,70
1,fault_bearing_end,validation,outer_race,FE,3,5,50
1,sensor_location,test,ball,DE,4,4,40
1,sensor_location,test,ball,FE,3,3,30
1,sensor_location,test,inner_race,DE,4,4,40
1,sensor_location,test,inner_race,FE,3,3,30
1,sensor_location,test,outer_race,DE,3,7,70
1,sensor_location,test,outer_race,FE,3,5,50
1,sensor_location,train,ball,DE,4,8,152
1,sensor_location,train,ball,FE,3,6,114
1,sensor_location,train,inner_race,DE,4,8,152
1,sensor_location,train,inner_race,FE,3,6,114
1,sensor_location,train,outer_race,DE,3,14,266
1,sensor_location,train,outer_race,FE,3,11,209
1,sensor_location,validation,ball,DE,4,4,40
1,sensor_location,validation,ball,FE,3,3,30
1,sensor_location,validation,inner_race,DE,4,4,40
1,sensor_location,validation,inner_race,FE,3,3,30
1,sensor_location,validation,outer_race,DE,3,7,70
1,sensor_location,validation,outer_race,FE,3,5,50
