recording_id,physical_specimen,fault_type,fault_severity,fault_bearing_end,sensor_location,bearing_family,load,rpm,rpm_source,native_sampling_rate_hz,channel_rate_hz,official_filename,official_file_number,source_category,source_url,sha256,local_path,mat_variable,n_samples,split,n_windows
cwru_n12_DE_118,DE_B007,ball,7 mil,DE,DE,SKF_6205_DE,0hp,1796.0,file_RPM_variable,12000,12000,118.mat,118,official_12k_DE_fault,https://engineering.case.edu/sites/default/files/118.mat,b00628f8dd8d1d930af77fa465d1e5cdb385fe259489053f91f3680bda7f640e,data/raw/ball/B007_0_DE12k.mat,X118_DE_time,122571,train,19
cwru_n12_DE_119,DE_B007,ball,7 mil,DE,DE,SKF_6205_DE,1hp,1772.0,file_RPM_variable,12000,12000,119.mat,119,official_12k_DE_fault,https://engineering.case.edu/sites/default/files/119.mat,bc72d9df7668219e004a0f711232b23ec0aed393eb9bd8f9f5483426f6b51330,data/raw/ball/B007_1_DE12k.mat,X119_DE_time,121410,train,19
cwru_n12_DE_120,DE_B007,ball,7 mil,DE,DE,SKF_6205_DE,2hp,1748.0,file_RPM_variable,12000,12000,120.mat,120,official_12k_DE_fault,https://engineering.case.edu/sites/default/files/120.mat,e0b7a584c49af52335ff0904a97d4afcf02d045625c582de63a7c85ce10b489c,data/raw/ball/B007_2_DE12k.mat,X120_DE_time,121556,validation,10
cwru_n12_DE_121,DE_B007,ball,7 mil,DE,DE,SKF_6205_DE,3hp,1722.0,file_RPM_variable,12000,12000,121.mat,121,official_12k_DE_fault,https://engineering.case.edu/sites/default/files/121.mat,52f686e984ba8e9b04a047a57416271cdb322cee57ee105dce58926a24b966cb,data/raw/ball/B007_3_DE12k.mat,X121_DE_time,121556,test,10
cwru_n12_DE_185,DE_B014,ball,14 mil,DE,DE,SKF_6205_DE,0hp,1796.0,file_RPM_variable,12000,12000,185.mat,185,official_12k_DE_fault,https://engineering.case.edu/sites/default/files/185.mat,5bea2c60f177215ba3ec4ae287faf745d7e14aed1a12efe9e37b27c27044bafc,data/raw/ball/B014_0_DE12k.mat,X185_DE_time,121846,train,19
cwru_n12_DE_186,DE_B014,ball,14 mil,DE,DE,SKF_6205_DE,1hp,1772.0,file_RPM_variable,12000,12000,186.mat,186,official_12k_DE_fault,https://engineering.case.edu/sites/default/files/186.mat,1b3b6f3ad38e891feaa8026fe957b34f62f9082785089cc74f6878acdfe88ec5,data/raw/ball/B014_1_DE12k.mat,X186_DE_time,122136,train,19
cwru_n12_DE_187,DE_B014,ball,14 mil,DE,DE,SKF_6205_DE,2hp,1749.0,file_RPM_variable,12000,12000,187.mat,187,official_12k_DE_fault,https://engineering.case.edu/sites/default/files/187.mat,0f1338cce89beb5c8d8e5e154579bc576354e7c7d1617ebd1759662c6f3100b2,data/raw/ball/B014_2_DE12k.mat,X187_DE_time,121991,validation,10
cwru_n12_DE_188,DE_B014,ball,14 mil,DE,DE,SKF_6205_DE,3hp,1724.0,file_RPM_variable,12000,12000,188.mat,188,official_12k_DE_fault,https://engineering.case.edu/sites/default/files/188.mat,1981614324d653c2522bea68fd4fd87e337495b117d12596db67abd1e10e7443,data/raw/ball/B014_3_DE12k.mat,X188_DE_time,122136,test,10
cwru_n12_DE_222,DE_B021,ball,21 mil,DE,DE,SKF_6205_DE,0hp,1796.0,file_RPM_variable,12000,12000,222.mat,222,official_12k_DE_fault,https://engineering.case.edu/sites/default/files/222.mat,fcc0ee740fa123b1f4683f555458891719efb2857afd9fdee63e8fde0ed14469,data/raw/ball/B021_0_DE12k.mat,X222_DE_time,121991,train,19
cwru_n12_DE_223,DE_B021,ball,21 mil,DE,DE,SKF_6205_DE,1hp,1774.0,file_RPM_variable,12000,12000,223.mat,223,official_12k_DE_fault,https://engineering.case.edu/sites/default/files/223.mat,7287410fd2217e3b332c5ab4732a68963be046d7d17bd40efa41cabe6a0514e5,data/raw/ball/B021_1_DE12k.mat,X223_DE_time,121701,train,19
cwru_n12_DE_224,DE_B021,ball,21 mil,DE,DE,SKF_6205_DE,2hp,1754.0,file_RPM_variable,12000,12000,224.mat,224,official_12k_DE_fault,https://engineering.case.edu/sites/default/files/224.mat,8a16894c2ff4d6bcdb9f4c345c0d5f13737b3bd6d15015d6b566c86e7a3ee7b7,data/raw/ball/B021_2_DE12k.mat,X224_DE_time,122136,validation,10
cwru_n12_DE_225,DE_B021,ball,21 mil,DE,DE,SKF_6205_DE,3hp,1729.0,file_RPM_variable,12000,12000,225.mat,225,official_12k_DE_fault,https://engineering.case.edu/sites/default/files/225.mat,ece92fa141af03473fdfca80d00d9112472a20340224514e79979c6ddc97a6cf,data/raw/ball/B021_3_DE12k.mat,X225_DE_time,122136,test,10
cwru_n12_DE_3005,DE_B028,ball,28 mil,DE,DE,SKF_6205_DE,0hp,1797.0,nominal_by_load(site_table),12000,12000,3005.mat,3005,official_12k_DE_fault,https://engineering.case.edu/sites/default/files/3005.mat,37f3f8e0268a9cd7df8ff5e15e326be06ab099b2291a2282041d01bb89a7c924,data/raw/ball/B028_0_DE12k.mat,X048_DE_time,120801,train,19
cwru_n12_DE_3006,DE_B028,ball,28 mil,DE,DE,SKF_6205_DE,1hp,1772.0,nominal_by_load(site_table),12000,12000,3006.mat,3006,official_12k_DE_fault,https://engineering.case.edu/sites/default/files/3006.mat,b642c57602deaeecfa33291d9179a2d2c2d997e0c23b44598a3cdecb9533d3f1,data/raw/ball/B028_1_DE12k.mat,X049_DE_time,121351,train,19
cwru_n12_DE_3007,DE_B028,ball,28 mil,DE,DE,SKF_6205_DE,2hp,1750.0,nominal_by_load(site_table),12000,12000,3007.mat,3007,official_12k_DE_fault,https://engineering.case.edu/sites/default/files/3007.mat,9b1ce8c46b4df3c3a8ab5f18a3fceaa78b0c17904716abc1bf6066c7235a226c,data/raw/ball/B028_2_DE12k.mat,X050_DE_time,120984,validation,10
cwru_n12_DE_3008,DE_B028,ball,28 mil,DE,DE,SKF_6205_DE,3hp,1730.0,nominal_by_load(site_table),12000,12000,3008.mat,3008,official_12k_DE_fault,https://engineering.case.edu/sites/default/files/3008.mat,ac958f7b5a1c00469849e6104a1869d75231cddd0742a39d36475fce589ee475,data/raw/ball/B028_3_DE12k.mat,X051_DE_time,120984,test,10
cwru_n12_DE_105,DE_IR007,inner_race,7 mil,DE,DE,SKF_6205_DE,0hp,1797.0,file_RPM_variable,12000,12000,105.mat,105,official_12k_DE_fault,https://engineering.case.edu/sites/default/files/105.mat,f80b0ea04fd06b372a0eaec7c056543ea37e4bb4727a5b173d2a5bacd2aa9cab,data/raw/inner_race/IR007_0_DE12k.mat,X105_DE_time,121265,train,19
cwru_n12_DE_106,DE_IR007,inner_race,7 mil,DE,DE,SKF_6205_DE,1hp,1772.0,file_RPM_variable,12000,12000,106.mat,106,official_12k_DE_fault,https://engineering.case.edu/sites/default/files/106.mat,e5cec7cdd138e6cd1deb9ed8634e5aaa9bc1bd7094ddc075bff606580eb6e883,data/raw/inner_race/IR007_1_DE12k.mat,X106_DE_time,121991,train,19
cwru_n12_DE_107,DE_IR007,inner_race,7 mil,DE,DE,SKF_6205_DE,2hp,1748.0,file_RPM_variable,12000,12000,107.mat,107,official_12k_DE_fault,https://engineering.case.edu/sites/default/files/107.mat,111ba8996a115684661a13c913bd74d8029a59294492f88aec7b03e175fdd388,data/raw/inner_race/IR007_2_DE12k.mat,X107_DE_time,122136,validation,10
cwru_n12_DE_108,DE_IR007,inner_race,7 mil,DE,DE,SKF_6205_DE,3hp,1721.0,file_RPM_variable,12000,12000,108.mat,108,official_12k_DE_fault,https://engineering.case.edu/sites/default/files/108.mat,d415f0e65128bfa0b118c2051c988fb0dc6ce3e4c8aa45fdc5ad1d0967462e7d,data/raw/inner_race/IR007_3_DE12k.mat,X108_DE_time,122917,test,10
cwru_n12_DE_169,DE_IR014,inner_race,14 mil,DE,DE,SKF_6205_DE,0hp,1796.0,file_RPM_variable,12000,12000,169.mat,169,official_12k_DE_fault,https://engineering.case.edu/sites/default/files/169.mat,f5448673725c4ea2735fe7d3fe4b16ad82b217eac6b62c4bf351c4549b0a5229,data/raw/inner_race/IR014_0_DE12k.mat,X169_DE_time,121846,train,19
cwru_n12_DE_170,DE_IR014,inner_race,14 mil,DE,DE,SKF_6205_DE,1hp,1774.0,file_RPM_variable,12000,12000,170.mat,170,official_12k_DE_fault,https://engineering.case.edu/sites/default/files/170.mat,bcb73a5208b67265468232a2e342f53719850901671d0ee28494f3af97621f46,data/raw/inner_race/IR014_1_DE12k.mat,X170_DE_time,121846,train,19
cwru_n12_DE_171,DE_IR014,inner_race,14 mil,DE,DE,SKF_6205_DE,2hp,1752.0,file_RPM_variable,12000,12000,171.mat,171,official_12k_DE_fault,https://engineering.case.edu/sites/default/files/171.mat,63d0fdc1a68e64610ddfaf56a9c224d6137ab7b5c0d318eea1d542b9e5ffc029,data/raw/inner_race/IR014_2_DE12k.mat,X171_DE_time,121846,validation,10
cwru_n12_DE_172,DE_IR014,inner_race,14 mil,DE,DE,SKF_6205_DE,3hp,1728.0,file_RPM_variable,12000,12000,172.mat,172,official_12k_DE_fault,https://engineering.case.edu/sites/default/files/172.mat,f75170ceef70d5da475671de0d2e52a0acd9b3883ad422b6deaf2907d888ba24,data/raw/inner_race/IR014_3_DE12k.mat,X172_DE_time,121701,test,10
cwru_n12_DE_209,DE_IR021,inner_race,21 mil,DE,DE,SKF_6205_DE,0hp,1797.0,file_RPM_variable,12000,12000,209.mat,209,official_12k_DE_fault,https://engineering.case.edu/sites/default/files/209.mat,9f723d6d9d2eba714c6dc50f99321dffa73d8b1e4d3605675b2c2251511eff80,data/raw/inner_race/IR021_0_DE12k.mat,X209_DE_time,122136,train,19
cwru_n12_DE_210,DE_IR021,inner_race,21 mil,DE,DE,SKF_6205_DE,1hp,1774.0,file_RPM_variable,12000,12000,210.mat,210,official_12k_DE_fault,https://engineering.case.edu/sites/default/files/210.mat,596692397e77e129a00f7b7a61c4c3ffd6c7a59979b89039e7f70a7431cce1c7,data/raw/inner_race/IR021_1_DE12k.mat,X210_DE_time,121556,train,19
cwru_n12_DE_211,DE_IR021,inner_race,21 mil,DE,DE,SKF_6205_DE,2hp,1752.0,file_RPM_variable,12000,12000,211.mat,211,official_12k_DE_fault,https://engineering.case.edu/sites/default/files/211.mat,8296a02ee489c2d16cbd9fc278ca2e29b22475cec70ebe840558c78b6b743dc1,data/raw/inner_race/IR021_2_DE12k.mat,X211_DE_time,121846,validation,10
cwru_n12_DE_212,DE_IR021,inner_race,21 mil,DE,DE,SKF_6205_DE,3hp,1728.0,file_RPM_variable,12000,12000,212.mat,212,official_12k_DE_fault,https://engineering.case.edu/sites/default/files/212.mat,bfe13761f545a26b217db897a12d27e16fec74306aa86ade8dbdc8ebe587c253,data/raw/inner_race/IR021_3_DE12k.mat,X212_DE_time,121991,test,10
cwru_n12_DE_3001,DE_IR028,inner_race,28 mil,DE,DE,SKF_6205_DE,0hp,1797.0,nominal_by_load(site_table),12000,12000,3001.mat,3001,official_12k_DE_fault,https://engineering.case.edu/sites/default/files/3001.mat,2e7400f922b75888dbee1fc3ab8c7cd770822127aa97353b7b622de103e79d46,data/raw/inner_race/IR028_0_DE12k.mat,X056_DE_time,120801,train,19
cwru_n12_DE_3002,DE_IR028,inner_race,28 mil,DE,DE,SKF_6205_DE,1hp,1772.0,nominal_by_load(site_table),12000,12000,3002.mat,3002,official_12k_DE_fault,https://engineering.case.edu/sites/default/files/3002.mat,13556b993e01d95a48c6693f592bbea4da2252c99eb94d2f4a0961d8b3af033a,data/raw/inner_race/IR028_1_DE12k.mat,X057_DE_time,121351,train,19
cwru_n12_DE_3003,DE_IR028,inner_race,28 mil,DE,DE,SKF_6205_DE,2hp,1750.0,nominal_by_load(site_table),12000,12000,3003.mat,3003,official_12k_DE_fault,https://engineering.case.edu/sites/default/files/3003.mat,ef7ebceaee0a1da63c6da18f227e3582d6c626dbce2d84a06674872645cb8272,data/raw/inner_race/IR028_2_DE12k.mat,X058_DE_time,121351,validation,10
cwru_n12_DE_3004,DE_IR028,inner_race,28 mil,DE,DE,SKF_6205_DE,3hp,1730.0,nominal_by_load(site_table),12000,12000,3004.mat,3004,official_12k_DE_fault,https://engineering.case.edu/sites/default/files/3004.mat,5c0a940bcef2b4850c826f3480f493ea69c68a09b79a70e79c7fa5cb39020c32,data/raw/inner_race/IR028_3_DE12k.mat,X059_DE_time,121535,test,10
cwru_n12_DE_156,DE_OR007,outer_race,7 mil,DE,DE,SKF_6205_DE,0hp,1797.0,file_RPM_variable,12000,12000,156.mat,156,official_12k_DE_fault,https://engineering.case.edu/sites/default/files/156.mat,d6ebef8850c114f136018381f6d3fa1c700073a784fffac72c0c8a3e21a227e3,data/raw/outer_race/OR007@12_0_DE12k.mat,X156_DE_time,122281,train,19
cwru_n12_DE_158,DE_OR007,outer_race,7 mil,DE,DE,SKF_6205_DE,1hp,1773.0,file_RPM_variable,12000,12000,158.mat,158,official_12k_DE_fault,https://engineering.case.edu/sites/default/files/158.mat,9ca1d5954e2ab970d3e8e87d069a1a468151f177071b4b7dc6f9ca1acfd0dfcd,data/raw/outer_race/OR007@12_1_DE12k.mat,X158_DE_time,121991,train,19
cwru_n12_DE_159,DE_OR007,outer_race,7 mil,DE,DE,SKF_6205_DE,2hp,1750.0,file_RPM_variable,12000,12000,159.mat,159,official_12k_DE_fault,https://engineering.case.edu/sites/default/files/159.mat,a0544e211cda781e06c70a29fbbc34ff871625dd9929917cfb5367b8bc59d236,data/raw/outer_race/OR007@12_2_DE12k.mat,X159_DE_time,122281,validation,10
cwru_n12_DE_160,DE_OR007,outer_race,7 mil,DE,DE,SKF_6205_DE,3hp,1724.0,file_RPM_variable,12000,12000,160.mat,160,official_12k_DE_fault,https://engineering.case.edu/sites/default/files/160.mat,e3385b0ba00274a35405205622b9513cbd0b2a3e62116d50adf477a1def0e8d2,data/raw/outer_race/OR007@12_3_DE12k.mat,X160_DE_time,122136,test,10
cwru_n12_DE_144,DE_OR007,outer_race,7 mil,DE,DE,SKF_6205_DE,0hp,1797.0,file_RPM_variable,12000,12000,144.mat,144,official_12k_DE_fault,https://engineering.case.edu/sites/default/files/144.mat,f1f51d8c3b66e90fcdd8de15be95c2d4d3e9bac018dbba57f3006e930eec6b22,data/raw/outer_race/OR007@3_0_DE12k.mat,X144_DE_time,122281,train,19
cwru_n12_DE_145,DE_OR007,outer_race,7 mil,DE,DE,SKF_6205_DE,1hp,1774.0,file_RPM_variable,12000,12000,145.mat,145,official_12k_DE_fault,https://engineering.case.edu/sites/default/files/145.mat,2ea3b3e021ec0024a6b85573035e4ca76856180c875fed7740a2ee7216ad84a2,data/raw/outer_race/OR007@3_1_DE12k.mat,X145_DE_time,121846,train,19
cwru_n12_DE_146,DE_OR007,outer_race,7 mil,DE,DE,SKF_6205_DE,2hp,1751.0,file_RPM_variable,12000,12000,146.mat,146,official_12k_DE_fault,https://engineering.case.edu/sites/default/files/146.mat,1be984f637243ce8e0bf801a6a82b0b024abd6d0f71aa9d759330ccc898d7b7b,data/raw/outer_race/OR007@3_2_DE12k.mat,X146_DE_time,121556,validation,10
cwru_n12_DE_147,DE_OR007,outer_race,7 mil,DE,DE,SKF_6205_DE,3hp,1725.0,file_RPM_variable,12000,12000,147.mat,147,official_12k_DE_fault,https://engineering.case.edu/sites/default/files/147.mat,cb8a4440866359a664200b5cf774c567accdbf12a56a4854d137a4638cfe43fb,data/raw/outer_race/OR007@3_3_DE12k.mat,X147_DE_time,122281,test,10
cwru_n12_DE_130,DE_OR007,outer_race,7 mil,DE,DE,SKF_6205_DE,0hp,1796.0,file_RPM_variable,12000,12000,130.mat,130,official_12k_DE_fault,https://engineering.case.edu/sites/default/files/130.mat,35a095307d0971477049b343a1b5981dde465a58fb7f233ad89b035068c1717d,data/raw/outer_race/OR007@6_0_DE12k.mat,X130_DE_time,121991,train,19
cwru_n12_DE_131,DE_OR007,outer_race,7 mil,DE,DE,SKF_6205_DE,1hp,1773.0,file_RPM_variable,12000,12000,131.mat,131,official_12k_DE_fault,https://engineering.case.edu/sites/default/files/131.mat,7883f7b83beadc54b2f301767f9145ce07055707182fb0278fdf0a6bb53ce3cb,data/raw/outer_race/OR007@6_1_DE12k.mat,X131_DE_time,122426,train,19
cwru_n12_DE_132,DE_OR007,outer_race,7 mil,DE,DE,SKF_6205_DE,2hp,1750.0,file_RPM_variable,12000,12000,132.mat,132,official_12k_DE_fault,https://engineering.case.edu/sites/default/files/132.mat,17a69ed5d2270b42532e678e35bbe2fa04a2cc413cf2bf9e88c7692de8662d18,data/raw/outer_race/OR007@6_2_DE12k.mat,X132_DE_time,121410,validation,10
cwru_n12_DE_133,DE_OR007,outer_race,7 mil,DE,DE,SKF_6205_DE,3hp,1725.0,file_RPM_variable,12000,12000,133.mat,133,official_12k_DE_fault,https://engineering.case.edu/sites/default/files/133.mat,53f076cb0d905cf46bffaee7736abce8224ffed777deed03c0c863d762a90c71,data/raw/outer_race/OR007@6_3_DE12k.mat,X133_DE_time,122571,test,10
cwru_n12_DE_197,DE_OR014,outer_race,14 mil,DE,DE,SKF_6205_DE,0hp,1796.0,file_RPM_variable,12000,12000,197.mat,197,official_12k_DE_fault,https://engineering.case.edu/sites/default/files/197.mat,fa571b47cd942f9514a920b403fb7c053cd442bb2963a360a96d0f61432f03e9,data/raw/outer_race/OR014@6_0_DE12k.mat,X197_DE_time,121846,train,19
cwru_n12_DE_198,DE_OR014,outer_race,14 mil,DE,DE,SKF_6205_DE,1hp,1772.0,file_RPM_variable,12000,12000,198.mat,198,official_12k_DE_fault,https://engineering.case.edu/sites/default/files/198.mat,dbd58e4585ca8f8332c708b15936987ec0990ca701359fd2483dae2719df5b49,data/raw/outer_race/OR014@6_1_DE12k.mat,X198_DE_time,122136,train,19
cwru_n12_DE_199,DE_OR014,outer_race,14 mil,DE,DE,SKF_6205_DE,2hp,1749.0,file_RPM_variable,12000,12000,199.mat,199,official_12k_DE_fault,https://engineering.case.edu/sites/default/files/199.mat,ca4e6407fdb68845a6973da6028477911a62d018580063749fe956441be95cf2,data/raw/outer_race/OR014@6_2_DE12k.mat,X199_DE_time,121846,validation,10
cwru_n12_DE_200,DE_OR014,outer_race,14 mil,DE,DE,SKF_6205_DE,3hp,1723.0,file_RPM_variable,12000,12000,200.mat,200,official_12k_DE_fault,https://engineering.case.edu/sites/default/files/200.mat,2526483d2701220a700df8e6c9db0c527641b0887225907f4096610dd7120f4b,data/raw/outer_race/OR014@6_3_DE12k.mat,X200_DE_time,121991,test,10
cwru_n12_DE_258,DE_OR021,outer_race,21 mil,DE,DE,SKF_6205_DE,0hp,1796.0,file_RPM_variable,12000,12000,258.mat,258,official_12k_DE_fault,https://engineering.case.edu/sites/default/files/258.mat,0b9c84acca45c3ee6ecbd697eb186a903293809625fda231a18da8c588e34383,data/raw_native12_official/258.mat,X258_DE_time,121846,train,19
cwru_n12_DE_259,DE_OR021,outer_race,21 mil,DE,DE,SKF_6205_DE,1hp,1771.0,file_RPM_variable,12000,12000,259.mat,259,official_12k_DE_fault,https://engineering.case.edu/sites/default/files/259.mat,7d9f99e3a85d10d9c9548d09a2990f5dd35dd8a634d2f71ac1192a03ffadf1f2,data/raw_native12_official/259.mat,X259_DE_time,122426,train,19
cwru_n12_DE_260,DE_OR021,outer_race,21 mil,DE,DE,SKF_6205_DE,2hp,1746.0,file_RPM_variable,12000,12000,260.mat,260,official_12k_DE_fault,https://engineering.case.edu/sites/default/files/260.mat,75b92225df9bdc8053809d9732fec4a5eac27e770bb78f9796998f8b7f6a15df,data/raw_native12_official/260.mat,X260_DE_time,122716,validation,10
cwru_n12_DE_261,DE_OR021,outer_race,21 mil,DE,DE,SKF_6205_DE,3hp,1718.0,file_RPM_variable,12000,12000,261.mat,261,official_12k_DE_fault,https://engineering.case.edu/sites/default/files/261.mat,d89e31d7ba9f08e183e9acdea10f814a89837e38e6762a7dde4d871a976437a1,data/raw_native12_official/261.mat,X261_DE_time,121701,test,10
cwru_n12_DE_246,DE_OR021,outer_race,21 mil,DE,DE,SKF_6205_DE,0hp,1796.0,file_RPM_variable,12000,12000,246.mat,246,official_12k_DE_fault,https://engineering.case.edu/sites/default/files/246.mat,9e02c5e5785f51cc9a60bf31ccb14e6869ff7d452e4aedefa325aa8a6d9da4e9,data/raw/outer_race/OR021@12_0_DE12k.mat,X246_DE_time,121701,train,19
cwru_n12_DE_247,DE_OR021,outer_race,21 mil,DE,DE,SKF_6205_DE,1hp,1771.0,file_RPM_variable,12000,12000,247.mat,247,official_12k_DE_fault,https://engineering.case.edu/sites/default/files/247.mat,83ed7f952bd0e1c412ca490e1757a36c4f91ffdef75ce359daaeec4a5b0466fa,data/raw/outer_race/OR021@12_1_DE12k.mat,X247_DE_time,121991,train,19
cwru_n12_DE_248,DE_OR021,outer_race,21 mil,DE,DE,SKF_6205_DE,2hp,1747.0,file_RPM_variable,12000,12000,248.mat,248,official_12k_DE_fault,https://engineering.case.edu/sites/default/files/248.mat,d3418e8f9884493548bdddb5406f84a4fd0e73ec153b8f3dfd4633525685ff10,data/raw/outer_race/OR021@12_2_DE12k.mat,X248_DE_time,122281,validation,10
cwru_n12_DE_249,DE_OR021,outer_race,21 mil,DE,DE,SKF_6205_DE,3hp,1719.0,file_RPM_variable,12000,12000,249.mat,249,official_12k_DE_fault,https://engineering.case.edu/sites/default/files/249.mat,2468c6faf7d93483ffba1f2a10b17820f024d5a34037256e7ee38dfde541e974,data/raw/outer_race/OR021@12_3_DE12k.mat,X249_DE_time,122136,test,10
cwru_n12_DE_234,DE_OR021,outer_race,21 mil,DE,DE,SKF_6205_DE,0hp,1796.0,file_RPM_variable,12000,12000,234.mat,234,official_12k_DE_fault,https://engineering.case.edu/sites/default/files/234.mat,ebcbdb96612e8085bbdbf81f0e5e8e8a8d1a693d1ec559c4894f7792771aa9b2,data/raw/outer_race/OR021@6_0_DE12k.mat,X234_DE_time,122426,train,19
cwru_n12_DE_235,DE_OR021,outer_race,21 mil,DE,DE,SKF_6205_DE,1hp,1771.0,file_RPM_variable,12000,12000,235.mat,235,official_12k_DE_fault,https://engineering.case.edu/sites/default/files/235.mat,667e4bf1f213f92d10dca71d494ad002d8fd22bfd8004b31a4c71ccf0d764b66,data/raw/outer_race/OR021@6_1_DE12k.mat,X235_DE_time,121991,train,19
cwru_n12_DE_236,DE_OR021,outer_race,21 mil,DE,DE,SKF_6205_DE,2hp,1748.0,file_RPM_variable,12000,12000,236.mat,236,official_12k_DE_fault,https://engineering.case.edu/sites/default/files/236.mat,c411d6d9826cba8073430555dc833e05fcbe4c38535f3eb7f03c525ea6797589,data/raw/outer_race/OR021@6_2_DE12k.mat,X236_DE_time,122281,validation,10
cwru_n12_DE_237,DE_OR021,outer_race,21 mil,DE,DE,SKF_6205_DE,3hp,1721.0,file_RPM_variable,12000,12000,237.mat,237,official_12k_DE_fault,https://engineering.case.edu/sites/default/files/237.mat,233d1edb2daa963658369119e389e30f02aca551dd7bb028ab33e7ba63edfd20,data/raw/outer_race/OR021@6_3_DE12k.mat,X237_DE_time,121991,test,10
cwru_n12_FE_282,FE_B007,ball,7 mil,FE,FE,SKF_6203_FE,0hp,1798.0,file_RPM_variable,12000,12000,282.mat,282,official_12k_FE_fault,https://engineering.case.edu/sites/default/files/282.mat,e7447bf84ff363c0e49f651f76b502ab34b58653d53156faa852033cef8da947,data/raw_cwru_12k_fe/B007_0_FE12k.mat,X282_FE_time,121168,train,19
cwru_n12_FE_283,FE_B007,ball,7 mil,FE,FE,SKF_6203_FE,1hp,1777.0,file_RPM_variable,12000,12000,283.mat,283,official_12k_FE_fault,https://engineering.case.edu/sites/default/files/283.mat,ec58fd361b56b645ce3811352ec4ae947fbdfc053cede581738129d02ea8928b,data/raw_cwru_12k_fe/B007_1_FE12k.mat,X283_FE_time,120801,train,19
cwru_n12_FE_284,FE_B007,ball,7 mil,FE,FE,SKF_6203_FE,2hp,1755.0,file_RPM_variable,12000,12000,284.mat,284,official_12k_FE_fault,https://engineering.case.edu/sites/default/files/284.mat,f6179084903e78126b7728f267125f0d387f79eb69742145fc1047fdfc938d8b,data/raw_cwru_12k_fe/B007_2_FE12k.mat,X284_FE_time,121719,validation,10
cwru_n12_FE_285,FE_B007,ball,7 mil,FE,FE,SKF_6203_FE,3hp,1732.0,file_RPM_variable,12000,12000,285.mat,285,official_12k_FE_fault,https://engineering.case.edu/sites/default/files/285.mat,0536eee89c111af8c4ecbf8dd580bc63a35df480795d837d1e9a0d036c62ed4b,data/raw_cwru_12k_fe/B007_3_FE12k.mat,X285_FE_time,121168,test,10
cwru_n12_FE_286,FE_B014,ball,14 mil,FE,FE,SKF_6203_FE,0hp,1796.0,file_RPM_variable,12000,12000,286.mat,286,official_12k_FE_fault,https://engineering.case.edu/sites/default/files/286.mat,ffef67be62c7f4395c3c0d69684ee7b7772d5c6f6c4f5f67b6791fa66d2489ea,data/raw_cwru_12k_fe/B014_0_FE12k.mat,X286_FE_time,122086,train,19
cwru_n12_FE_287,FE_B014,ball,14 mil,FE,FE,SKF_6203_FE,1hp,1775.0,file_RPM_variable,12000,12000,287.mat,287,official_12k_FE_fault,https://engineering.case.edu/sites/default/files/287.mat,11838a991ec50b1f34f786ca8431e0ef1ff81df072a66e9740e6488da5be8627,data/raw_cwru_12k_fe/B014_1_FE12k.mat,X287_FE_time,121719,train,19
cwru_n12_FE_288,FE_B014,ball,14 mil,FE,FE,SKF_6203_FE,2hp,1755.0,file_RPM_variable,12000,12000,288.mat,288,official_12k_FE_fault,https://engineering.case.edu/sites/default/files/288.mat,1c16e412208b2f7d43779ba6654fdc76781bd118071a27442338cae781a22bd5,data/raw_cwru_12k_fe/B014_2_FE12k.mat,X288_FE_time,122269,validation,10
cwru_n12_FE_289,FE_B014,ball,14 mil,FE,FE,SKF_6203_FE,3hp,1732.0,file_RPM_variable,12000,12000,289.mat,289,official_12k_FE_fault,https://engineering.case.edu/sites/default/files/289.mat,5fb1247048f7773b2bc023afed156f7708d6a03fe78f7aa33f0a202beef6b2de,data/raw_cwru_12k_fe/B014_3_FE12k.mat,X289_FE_time,121168,test,10
cwru_n12_FE_290,FE_B021,ball,21 mil,FE,FE,SKF_6203_FE,0hp,1796.0,file_RPM_variable,12000,12000,290.mat,290,official_12k_FE_fault,https://engineering.case.edu/sites/default/files/290.mat,53146773c3f3b844a6aaaf57fbbe4a821c4e887bb9ad20af49c4bf904e4d9096,data/raw_cwru_12k_fe/B021_0_FE12k.mat,X290_FE_time,121351,train,19
cwru_n12_FE_291,FE_B021,ball,21 mil,FE,FE,SKF_6203_FE,1hp,1775.0,file_RPM_variable,12000,12000,291.mat,291,official_12k_FE_fault,https://engineering.case.edu/sites/default/files/291.mat,1511ae3611d67c9cfa697ba2b204332ab52337a95e22eba9ebde172e3385d69d,data/raw_cwru_12k_fe/B021_1_FE12k.mat,X291_FE_time,121351,train,19
cwru_n12_FE_292,FE_B021,ball,21 mil,FE,FE,SKF_6203_FE,2hp,1756.0,file_RPM_variable,12000,12000,292.mat,292,official_12k_FE_fault,https://engineering.case.edu/sites/default/files/292.mat,09d10a867b780b4d214453a31c6c85963b7a5c67eb51a70e382902f37b202123,data/raw_cwru_12k_fe/B021_2_FE12k.mat,X292_FE_time,121535,validation,10
cwru_n12_FE_293,FE_B021,ball,21 mil,FE,FE,SKF_6203_FE,3hp,1734.0,file_RPM_variable,12000,12000,293.mat,293,official_12k_FE_fault,https://engineering.case.edu/sites/default/files/293.mat,9133e6cdc952670aca0a1a5576c24b1075c7701c956f43083bc38a3505af0271,data/raw_cwru_12k_fe/B021_3_FE12k.mat,X293_FE_time,120801,test,10
cwru_n12_FE_278,FE_IR007,inner_race,7 mil,FE,FE,SKF_6203_FE,0hp,1796.0,file_RPM_variable,12000,12000,278.mat,278,official_12k_FE_fault,https://engineering.case.edu/sites/default/files/278.mat,1ad584953158dcdf4eb1ceba71dee781e5596163aad37a2619b0649213f9e3dd,data/raw_cwru_12k_fe/IR007_0_FE12k.mat,X278_FE_time,121535,train,19
cwru_n12_FE_279,FE_IR007,inner_race,7 mil,FE,FE,SKF_6203_FE,1hp,1732.0,file_RPM_variable,12000,12000,279.mat,279,official_12k_FE_fault,https://engineering.case.edu/sites/default/files/279.mat,6bfa8b958280248fbec06b0d543f532b3571e03550f6ac466de59cc215264595,data/raw_cwru_12k_fe/IR007_1_FE12k.mat,X279_FE_time,121351,train,19
cwru_n12_FE_280,FE_IR007,inner_race,7 mil,FE,FE,SKF_6203_FE,2hp,1755.0,file_RPM_variable,12000,12000,280.mat,280,official_12k_FE_fault,https://engineering.case.edu/sites/default/files/280.mat,9ba0712567e9bc2a43ccb8d37e8f1c594cf671babcee7313150ae145a15c365d,data/raw_cwru_12k_fe/IR007_2_FE12k.mat,X280_FE_time,121351,validation,10
cwru_n12_FE_281,FE_IR007,inner_race,7 mil,FE,FE,SKF_6203_FE,3hp,1732.0,file_RPM_variable,12000,12000,281.mat,281,official_12k_FE_fault,https://engineering.case.edu/sites/default/files/281.mat,0f1a41d62797039139cf27c6f8b823fe87de44dfb4b2ef03fc6e0ef4d3734992,data/raw_cwru_12k_fe/IR007_3_FE12k.mat,X281_FE_time,121535,test,10
cwru_n12_FE_274,FE_IR014,inner_race,14 mil,FE,FE,SKF_6203_FE,0hp,1796.0,file_RPM_variable,12000,12000,274.mat,274,official_12k_FE_fault,https://engineering.case.edu/sites/default/files/274.mat,f39ea799aeffceb012dbfb7b58fbe52c80df4cdab64da9ad96eed03e5118e9a6,data/raw_cwru_12k_fe/IR014_0_FE12k.mat,X274_FE_time,121351,train,19
cwru_n12_FE_275,FE_IR014,inner_race,14 mil,FE,FE,SKF_6203_FE,1hp,1775.0,file_RPM_variable,12000,12000,275.mat,275,official_12k_FE_fault,https://engineering.case.edu/sites/default/files/275.mat,6677df8434d4dc6f5130bdd4c07e25be562b5b93a49ff867a724f424fb11c577,data/raw_cwru_12k_fe/IR014_1_FE12k.mat,X275_FE_time,121351,train,19
cwru_n12_FE_276,FE_IR014,inner_race,14 mil,FE,FE,SKF_6203_FE,2hp,1755.0,file_RPM_variable,12000,12000,276.mat,276,official_12k_FE_fault,https://engineering.case.edu/sites/default/files/276.mat,d1558eb6bd464e2a9e515bb4b2251814d53d61ab9c1f67ba25fbffe8dad47b5d,data/raw_cwru_12k_fe/IR014_2_FE12k.mat,X276_FE_time,121351,validation,10
cwru_n12_FE_277,FE_IR014,inner_race,14 mil,FE,FE,SKF_6203_FE,3hp,1733.0,file_RPM_variable,12000,12000,277.mat,277,official_12k_FE_fault,https://engineering.case.edu/sites/default/files/277.mat,6abdf2d5dc823f50d95814c488735ca2083def087233608e2f2cd718782985a6,data/raw_cwru_12k_fe/IR014_3_FE12k.mat,X277_FE_time,121168,test,10
cwru_n12_FE_270,FE_IR021,inner_race,21 mil,FE,FE,SKF_6203_FE,0hp,1796.0,file_RPM_variable,12000,12000,270.mat,270,official_12k_FE_fault,https://engineering.case.edu/sites/default/files/270.mat,fd7c20f53af7ccaf7ab6b08b885fbe4bf27ce44d9739af2725dc94c8130af953,data/raw_cwru_12k_fe/IR021_0_FE12k.mat,X270_FE_time,121168,train,19
cwru_n12_FE_271,FE_IR021,inner_race,21 mil,FE,FE,SKF_6203_FE,1hp,1776.0,file_RPM_variable,12000,12000,271.mat,271,official_12k_FE_fault,https://engineering.case.edu/sites/default/files/271.mat,2362b0f50519001004b6167b6344deae2c1387121c532366855ce0df51c1a872,data/raw_cwru_12k_fe/IR021_1_FE12k.mat,X271_FE_time,121168,train,19
cwru_n12_FE_272,FE_IR021,inner_race,21 mil,FE,FE,SKF_6203_FE,2hp,1758.0,file_RPM_variable,12000,12000,272.mat,272,official_12k_FE_fault,https://engineering.case.edu/sites/default/files/272.mat,7b9b455d79d696d1fc5762ef058a6363cb153dabdf404100cb4247af767acbd1,data/raw_cwru_12k_fe/IR021_2_FE12k.mat,X272_FE_time,120984,validation,10
cwru_n12_FE_273,FE_IR021,inner_race,21 mil,FE,FE,SKF_6203_FE,3hp,1737.0,file_RPM_variable,12000,12000,273.mat,273,official_12k_FE_fault,https://engineering.case.edu/sites/default/files/273.mat,990bd16b90bf70650f102962331b066242792f285612d5081c2ba80053b2e637,data/raw_cwru_12k_fe/IR021_3_FE12k.mat,X273_FE_time,121168,test,10
cwru_n12_FE_302,FE_OR007,outer_race,7 mil,FE,FE,SKF_6203_FE,0hp,1797.0,file_RPM_variable,12000,12000,302.mat,302,official_12k_FE_fault,https://engineering.case.edu/sites/default/files/302.mat,c82d3ac43ed7d4e5dc41d6e0498e43754f7326f1c80d983afbfec2a8dfc3299e,data/raw_cwru_12k_fe/OR007@12_0_FE12k.mat,X302_FE_time,121168,train,19
cwru_n12_FE_305,FE_OR007,outer_race,7 mil,FE,FE,SKF_6203_FE,1hp,1775.0,file_RPM_variable,12000,12000,305.mat,305,official_12k_FE_fault,https://engineering.case.edu/sites/default/files/305.mat,1e31694e7b03e57f45bcd49dddbfb1a36b6e7237c32505c9333a3f2bb3ef10ed,data/raw_cwru_12k_fe/OR007@12_1_FE12k.mat,X305_FE_time,120984,train,19
cwru_n12_FE_306,FE_OR007,outer_race,7 mil,FE,FE,SKF_6203_FE,2hp,1755.0,file_RPM_variable,12000,12000,306.mat,306,official_12k_FE_fault,https://engineering.case.edu/sites/default/files/306.mat,66ff410ca987b3561a121cb67d154a85057760bc6a72f30bafda8ee163712fd4,data/raw_cwru_12k_fe/OR007@12_2_FE12k.mat,X306_FE_time,121719,validation,10
cwru_n12_FE_307,FE_OR007,outer_race,7 mil,FE,FE,SKF_6203_FE,3hp,1733.0,file_RPM_variable,12000,12000,307.mat,307,official_12k_FE_fault,https://engineering.case.edu/sites/default/files/307.mat,8e5a47da86128668332fa6d17736515fcb1101c4e5a1e890cdb11e662a0573ca,data/raw_cwru_12k_fe/OR007@12_3_FE12k.mat,X307_FE_time,121168,test,10
cwru_n12_FE_298,FE_OR007,outer_race,7 mil,FE,FE,SKF_6203_FE,0hp,1797.0,file_RPM_variable,12000,12000,298.mat,298,official_12k_FE_fault,https://engineering.case.edu/sites/default/files/298.mat,a954b389feafb8c60e3ba1d04226d0511a340aad8fce082ab920c564b2012423,data/raw_cwru_12k_fe/OR007@3_0_FE12k.mat,X298_FE_time,120984,train,19
cwru_n12_FE_299,FE_OR007,outer_race,7 mil,FE,FE,SKF_6203_FE,1hp,1776.0,file_RPM_variable,12000,12000,299.mat,299,official_12k_FE_fault,https://engineering.case.edu/sites/default/files/299.mat,503fc5bd97d151ee053eb89562a4e2f2b24095b15c798600b66e17c87a48a29e,data/raw_cwru_12k_fe/OR007@3_1_FE12k.mat,X299_FE_time,121168,train,19
cwru_n12_FE_300,FE_OR007,outer_race,7 mil,FE,FE,SKF_6203_FE,2hp,1755.0,file_RPM_variable,12000,12000,300.mat,300,official_12k_FE_fault,https://engineering.case.edu/sites/default/files/300.mat,0b4ac23bbd279760fe3b8873ea257eab562718b5de44c4c617d309fb792550a1,data/raw_cwru_12k_fe/OR007@3_2_FE12k.mat,X300_FE_time,121902,validation,10
cwru_n12_FE_301,FE_OR007,outer_race,7 mil,FE,FE,SKF_6203_FE,3hp,1733.0,file_RPM_variable,12000,12000,301.mat,301,official_12k_FE_fault,https://engineering.case.edu/sites/default/files/301.mat,c709cd9f9ddf4a074850bce3384b14fad7f210b188da32d23cc6e6ab68f7a616,data/raw_cwru_12k_fe/OR007@3_3_FE12k.mat,X301_FE_time,121719,test,10
cwru_n12_FE_294,FE_OR007,outer_race,7 mil,FE,FE,SKF_6203_FE,0hp,1797.0,file_RPM_variable,12000,12000,294.mat,294,official_12k_FE_fault,https://engineering.case.edu/sites/default/files/294.mat,6b774ffb83a046a6a4402221c2bc02c84c8e4494ea8457452e366ccc048c7d5e,data/raw_cwru_12k_fe/OR007@6_0_FE12k.mat,X294_FE_time,121168,train,19
cwru_n12_FE_295,FE_OR007,outer_race,7 mil,FE,FE,SKF_6203_FE,1hp,1776.0,file_RPM_variable,12000,12000,295.mat,295,official_12k_FE_fault,https://engineering.case.edu/sites/default/files/295.mat,13f7052f2422f19858f4136aa645dcfefc28f474c6b7e54b6ffcc4abedee8e26,data/raw_cwru_12k_fe/OR007@6_1_FE12k.mat,X295_FE_time,121535,train,19
cwru_n12_FE_296,FE_OR007,outer_race,7 mil,FE,FE,SKF_6203_FE,2hp,1756.0,file_RPM_variable,12000,12000,296.mat,296,official_12k_FE_fault,https://engineering.case.edu/sites/default/files/296.mat,00785405cb36ab8c96a63b43d77e5016477e276154f7bd0a5f74f13825030150,data/raw_cwru_12k_fe/OR007@6_2_FE12k.mat,X296_FE_time,121168,validation,10
cwru_n12_FE_297,FE_OR007,outer_race,7 mil,FE,FE,SKF_6203_FE,3hp,1733.0,file_RPM_variable,12000,12000,297.mat,297,official_12k_FE_fault,https://engineering.case.edu/sites/default/files/297.mat,858c409a74f0dcbd31af28f79175daf5e494fe194269909c18c579851aaf3c1d,data/raw_cwru_12k_fe/OR007@6_3_FE12k.mat,X297_FE_time,121902,test,10
cwru_n12_FE_310,FE_OR014,outer_race,14 mil,FE,FE,SKF_6203_FE,0hp,1796.0,file_RPM_variable,12000,12000,310.mat,310,official_12k_FE_fault,https://engineering.case.edu/sites/default/files/310.mat,09e94ad346b84bbeb4cd172d5d66aacd08857369b23547a540cd266f71a18c17,data/raw_cwru_12k_fe/OR014@3_0_FE12k.mat,X310_FE_time,121535,train,19
cwru_n12_FE_309,FE_OR014,outer_race,14 mil,FE,FE,SKF_6203_FE,1hp,1774.0,file_RPM_variable,12000,12000,309.mat,309,official_12k_FE_fault,https://engineering.case.edu/sites/default/files/309.mat,af7f88db380cc666a06d14c465f7e2bb9b6c5db53daf2fbcfc966654f01577ce,data/raw_cwru_12k_fe/OR014@3_1_FE12k.mat,X309_FE_time,121168,train,19
cwru_n12_FE_311,FE_OR014,outer_race,14 mil,FE,FE,SKF_6203_FE,2hp,1752.0,file_RPM_variable,12000,12000,311.mat,311,official_12k_FE_fault,https://engineering.case.edu/sites/default/files/311.mat,8b5f2efba1c9d45cc88b9ced3bb02a2963ecbcc4ed15034f91e1295bf19db4fb,data/raw_cwru_12k_fe/OR014@3_2_FE12k.mat,X311_FE_time,120984,validation,10
cwru_n12_FE_312,FE_OR014,outer_race,14 mil,FE,FE,SKF_6203_FE,3hp,1728.0,file_RPM_variable,12000,12000,312.mat,312,official_12k_FE_fault,https://engineering.case.edu/sites/default/files/312.mat,e4f22d6012d316f62f9a46add474af6f956a8365a3eb2115904be0a9abc29f7f,data/raw_cwru_12k_fe/OR014@3_3_FE12k.mat,X312_FE_time,120984,test,10
cwru_n12_FE_313,FE_OR014,outer_race,14 mil,FE,FE,SKF_6203_FE,0hp,1797.0,file_RPM_variable,12000,12000,313.mat,313,official_12k_FE_fault,https://engineering.case.edu/sites/default/files/313.mat,74adda10ce37f133a16d1caf62f2a2c17434a56c18db5af2612eaf127897bc1f,data/raw_cwru_12k_fe/OR014@6_0_FE12k.mat,X313_FE_time,120984,train,19
cwru_n12_FE_316,FE_OR021,outer_race,21 mil,FE,FE,SKF_6203_FE,1hp,1773.0,file_RPM_variable,12000,12000,316.mat,316,official_12k_FE_fault,https://engineering.case.edu/sites/default/files/316.mat,4b0730d494cdf33b8aea1ab2195be5fcd408f37c0fe12d0a2644c88bc59657ff,data/raw_cwru_12k_fe/OR021@3_1_FE12k.mat,X316_FE_time,120617,train,19
cwru_n12_FE_317,FE_OR021,outer_race,21 mil,FE,FE,SKF_6203_FE,2hp,1751.0,file_RPM_variable,12000,12000,317.mat,317,official_12k_FE_fault,https://engineering.case.edu/sites/default/files/317.mat,ed46ca719883b337f75cffcf5d0024386f26c1591dd4163892b48f02d25b40e0,data/raw_cwru_12k_fe/OR021@3_2_FE12k.mat,X317_FE_time,120617,validation,10
cwru_n12_FE_318,FE_OR021,outer_race,21 mil,FE,FE,SKF_6203_FE,3hp,1728.0,file_RPM_variable,12000,12000,318.mat,318,official_12k_FE_fault,https://engineering.case.edu/sites/default/files/318.mat,307d56daeffb9e45a0aee649031e83b4165adb8a32cefabb925e540ca51aad8e,data/raw_cwru_12k_fe/OR021@3_3_FE12k.mat,X318_FE_time,121351,test,10
cwru_n12_FE_315,FE_OR021,outer_race,21 mil,FE,FE,SKF_6203_FE,0hp,1797.0,file_RPM_variable,12000,12000,315.mat,315,official_12k_FE_fault,https://engineering.case.edu/sites/default/files/315.mat,e1f6acfe79b622a24bf2ed3d092b83342c9a280a0e443df480c7220a49fff392,data/raw_cwru_12k_fe/OR021@6_0_FE12k.mat,X315_FE_time,120617,train,19
