official_file_number,official_filename,official_label,source_category,source_url,source_page,sha256,file_size_bytes,local_path,local_aliases,local_alias_label_mismatch,recording_id,internal_id,physical_specimen,group_id,fault_bearing_end,sensor_location,bearing_family,bearing_factor_set,fault_type,fault_severity,or_clock_position,load,rpm,rpm_source,native_sampling_rate_hz,channel_rate_hz,mat_variable,has_DE_signal,has_FE_signal,has_BA_signal,n_samples,duration_s,eligibility,identity_status,split
118,118.mat,B007_0,official_12k_DE_fault,https://engineering.case.edu/sites/default/files/118.mat,https://engineering.case.edu/bearingdatacenter/12k-drive-end-bearing-fault-data,b00628f8dd8d1d930af77fa465d1e5cdb385fe259489053f91f3680bda7f640e,2942112,data/raw/ball/B007_0_DE12k.mat,data/raw/ball/B007_0_DE12k.mat,,cwru_n12_DE_118,X118,DE_B007,cwrun12_DE_B007,DE,DE,SKF_6205_DE,CWRU_DE_6205,ball,7 mil,,0hp,1796.0,file_RPM_variable,12000,12000,X118_DE_time,True,True,True,122571,10.214,NATIVE12_ALLOWLISTED,conservative end/class/diameter identity (CWRU documents one test bearing per fault size and location; not serial-number certified),train
119,119.mat,B007_1,official_12k_DE_fault,https://engineering.case.edu/sites/default/files/119.mat,https://engineering.case.edu/bearingdatacenter/12k-drive-end-bearing-fault-data,bc72d9df7668219e004a0f711232b23ec0aed393eb9bd8f9f5483426f6b51330,2914248,data/raw/ball/B007_1_DE12k.mat,data/raw/ball/B007_1_DE12k.mat,,cwru_n12_DE_119,X119,DE_B007,cwrun12_DE_B007,DE,DE,SKF_6205_DE,CWRU_DE_6205,ball,7 mil,,1hp,1772.0,file_RPM_variable,12000,12000,X119_DE_time,True,True,True,121410,10.117,NATIVE12_ALLOWLISTED,conservative end/class/diameter identity (CWRU documents one test bearing per fault size and location; not serial-number certified),train
120,120.mat,B007_2,official_12k_DE_fault,https://engineering.case.edu/sites/default/files/120.mat,https://engineering.case.edu/bearingdatacenter/12k-drive-end-bearing-fault-data,e0b7a584c49af52335ff0904a97d4afcf02d045625c582de63a7c85ce10b489c,2917752,data/raw/ball/B007_2_DE12k.mat,data/raw/ball/B007_2_DE12k.mat,,cwru_n12_DE_120,X120,DE_B007,cwrun12_DE_B007,DE,DE,SKF_6205_DE,CWRU_DE_6205,ball,7 mil,,2hp,1748.0,file_RPM_variable,12000,12000,X120_DE_time,True,True,True,121556,10.13,NATIVE12_ALLOWLISTED,conservative end/class/diameter identity (CWRU documents one test bearing per fault size and location; not serial-number certified),validation
121,121.mat,B007_3,official_12k_DE_fault,https://engineering.case.edu/sites/default/files/121.mat,https://engineering.case.edu/bearingdatacenter/12k-drive-end-bearing-fault-data,52f686e984ba8e9b04a047a57416271cdb322cee57ee105dce58926a24b966cb,2917752,data/raw/ball/B007_3_DE12k.mat,data/raw/ball/B007_3_DE12k.mat,,cwru_n12_DE_121,X121,DE_B007,cwrun12_DE_B007,DE,DE,SKF_6205_DE,CWRU_DE_6205,ball,7 mil,,3hp,1722.0,file_RPM_variable,12000,12000,X121_DE_time,True,True,True,121556,10.13,NATIVE12_ALLOWLISTED,conservative end/class/diameter identity (CWRU documents one test bearing per fault size and location; not serial-number certified),test
185,185.mat,B014_0,official_12k_DE_fault,https://engineering.case.edu/sites/default/files/185.mat,https://engineering.case.edu/bearingdatacenter/12k-drive-end-bearing-fault-data,5bea2c60f177215ba3ec4ae287faf745d7e14aed1a12efe9e37b27c27044bafc,2924712,data/raw/ball/B014_0_DE12k.mat,data/raw/ball/B014_0_DE12k.mat,,cwru_n12_DE_185,X185,DE_B014,cwrun12_DE_B014,DE,DE,SKF_6205_DE,CWRU_DE_6205,ball,14 mil,,0hp,1796.0,file_RPM_variable,12000,12000,X185_DE_time,True,True,True,121846,10.154,NATIVE12_ALLOWLISTED,conservative end/class/diameter identity (CWRU documents one test bearing per fault size and location; not serial-number certified),train
186,186.mat,B014_1,official_12k_DE_fault,https://engineering.case.edu/sites/default/files/186.mat,https://engineering.case.edu/bearingdatacenter/12k-drive-end-bearing-fault-data,1b3b6f3ad38e891feaa8026fe957b34f62f9082785089cc74f6878acdfe88ec5,2931672,data/raw/ball/B014_1_DE12k.mat,data/raw/ball/B014_1_DE12k.mat,,cwru_n12_DE_186,X186,DE_B014,cwrun12_DE_B014,DE,DE,SKF_6205_DE,CWRU_DE_6205,ball,14 mil,,1hp,1772.0,file_RPM_variable,12000,12000,X186_DE_time,True,True,True,122136,10.178,NATIVE12_ALLOWLISTED,conservative end/class/diameter identity (CWRU documents one test bearing per fault size and location; not serial-number certified),train
187,187.mat,B014_2,official_12k_DE_fault,https://engineering.case.edu/sites/default/files/187.mat,https://engineering.case.edu/bearingdatacenter/12k-drive-end-bearing-fault-data,0f1338cce89beb5c8d8e5e154579bc576354e7c7d1617ebd1759662c6f3100b2,2928192,data/raw/ball/B014_2_DE12k.mat,data/raw/ball/B014_2_DE12k.mat,,cwru_n12_DE_187,X187,DE_B014,cwrun12_DE_B014,DE,DE,SKF_6205_DE,CWRU_DE_6205,ball,14 mil,,2hp,1749.0,file_RPM_variable,12000,12000,X187_DE_time,True,True,True,121991,10.166,NATIVE12_ALLOWLISTED,conservative end/class/diameter identity (CWRU documents one test bearing per fault size and location; not serial-number certified),validation
188,188.mat,B014_3,official_12k_DE_fault,https://engineering.case.edu/sites/default/files/188.mat,https://engineering.case.edu/bearingdatacenter/12k-drive-end-bearing-fault-data,1981614324d653c2522bea68fd4fd87e337495b117d12596db67abd1e10e7443,2931672,data/raw/ball/B014_3_DE12k.mat,data/raw/ball/B014_3_DE12k.mat,,cwru_n12_DE_188,X188,DE_B014,cwrun12_DE_B014,DE,DE,SKF_6205_DE,CWRU_DE_6205,ball,14 mil,,3hp,1724.0,file_RPM_variable,12000,12000,X188_DE_time,True,True,True,122136,10.178,NATIVE12_ALLOWLISTED,conservative end/class/diameter identity (CWRU documents one test bearing per fault size and location; not serial-number certified),test
222,222.mat,B021_0,official_12k_DE_fault,https://engineering.case.edu/sites/default/files/222.mat,https://engineering.case.edu/bearingdatacenter/12k-drive-end-bearing-fault-data,fcc0ee740fa123b1f4683f555458891719efb2857afd9fdee63e8fde0ed14469,2928192,data/raw/ball/B021_0_DE12k.mat,data/raw/ball/B021_0_DE12k.mat,,cwru_n12_DE_222,X222,DE_B021,cwrun12_DE_B021,DE,DE,SKF_6205_DE,CWRU_DE_6205,ball,21 mil,,0hp,1796.0,file_RPM_variable,12000,12000,X222_DE_time,True,True,True,121991,10.166,NATIVE12_ALLOWLISTED,conservative end/class/diameter identity (CWRU documents one test bearing per fault size and location; not serial-number certified),train
223,223.mat,B021_1,official_12k_DE_fault,https://engineering.case.edu/sites/default/files/223.mat,https://engineering.case.edu/bearingdatacenter/12k-drive-end-bearing-fault-data,7287410fd2217e3b332c5ab4732a68963be046d7d17bd40efa41cabe6a0514e5,2921232,data/raw/ball/B021_1_DE12k.mat,data/raw/ball/B021_1_DE12k.mat,,cwru_n12_DE_223,X223,DE_B021,cwrun12_DE_B021,DE,DE,SKF_6205_DE,CWRU_DE_6205,ball,21 mil,,1hp,1774.0,file_RPM_variable,12000,12000,X223_DE_time,True,True,True,121701,10.142,NATIVE12_ALLOWLISTED,conservative end/class/diameter identity (CWRU documents one test bearing per fault size and location; not serial-number certified),train
224,224.mat,B021_2,official_12k_DE_fault,https://engineering.case.edu/sites/default/files/224.mat,https://engineering.case.edu/bearingdatacenter/12k-drive-end-bearing-fault-data,8a16894c2ff4d6bcdb9f4c345c0d5f13737b3bd6d15015d6b566c86e7a3ee7b7,2931672,data/raw/ball/B021_2_DE12k.mat,data/raw/ball/B021_2_DE12k.mat,,cwru_n12_DE_224,X224,DE_B021,cwrun12_DE_B021,DE,DE,SKF_6205_DE,CWRU_DE_6205,ball,21 mil,,2hp,1754.0,file_RPM_variable,12000,12000,X224_DE_time,True,True,True,122136,10.178,NATIVE12_ALLOWLISTED,conservative end/class/diameter identity (CWRU documents one test bearing per fault size and location; not serial-number certified),validation
225,225.mat,B021_3,official_12k_DE_fault,https://engineering.case.edu/sites/default/files/225.mat,https://engineering.case.edu/bearingdatacenter/12k-drive-end-bearing-fault-data,ece92fa141af03473fdfca80d00d9112472a20340224514e79979c6ddc97a6cf,2931672,data/raw/ball/B021_3_DE12k.mat,data/raw/ball/B021_3_DE12k.mat,,cwru_n12_DE_225,X225,DE_B021,cwrun12_DE_B021,DE,DE,SKF_6205_DE,CWRU_DE_6205,ball,21 mil,,3hp,1729.0,file_RPM_variable,12000,12000,X225_DE_time,True,True,True,122136,10.178,NATIVE12_ALLOWLISTED,conservative end/class/diameter identity (CWRU documents one test bearing per fault size and location; not serial-number certified),test
3005,3005.mat,B028_0,official_12k_DE_fault,https://engineering.case.edu/sites/default/files/3005.mat,https://engineering.case.edu/bearingdatacenter/12k-drive-end-bearing-fault-data,37f3f8e0268a9cd7df8ff5e15e326be06ab099b2291a2282041d01bb89a7c924,966608,data/raw/ball/B028_0_DE12k.mat,data/raw/ball/B028_0_DE12k.mat,,cwru_n12_DE_3005,X048,DE_B028,cwrun12_DE_B028,DE,DE,SKF_6205_DE,CWRU_DE_6205,ball,28 mil,,0hp,1797.0,nominal_by_load(site_table),12000,12000,X048_DE_time,True,False,False,120801,10.067,NATIVE12_ALLOWLISTED,conservative end/class/diameter identity (CWRU documents one test bearing per fault size and location; not serial-number certified),train
3006,3006.mat,B028_1,official_12k_DE_fault,https://engineering.case.edu/sites/default/files/3006.mat,https://engineering.case.edu/bearingdatacenter/12k-drive-end-bearing-fault-data,b642c57602deaeecfa33291d9179a2d2c2d997e0c23b44598a3cdecb9533d3f1,971008,data/raw/ball/B028_1_DE12k.mat,data/raw/ball/B028_1_DE12k.mat,,cwru_n12_DE_3006,X049,DE_B028,cwrun12_DE_B028,DE,DE,SKF_6205_DE,CWRU_DE_6205,ball,28 mil,,1hp,1772.0,nominal_by_load(site_table),12000,12000,X049_DE_time,True,False,False,121351,10.113,NATIVE12_ALLOWLISTED,conservative end/class/diameter identity (CWRU documents one test bearing per fault size and location; not serial-number certified),train
3007,3007.mat,B028_2,official_12k_DE_fault,https://engineering.case.edu/sites/default/files/3007.mat,https://engineering.case.edu/bearingdatacenter/12k-drive-end-bearing-fault-data,9b1ce8c46b4df3c3a8ab5f18a3fceaa78b0c17904716abc1bf6066c7235a226c,968072,data/raw/ball/B028_2_DE12k.mat,data/raw/ball/B028_2_DE12k.mat,,cwru_n12_DE_3007,X050,DE_B028,cwrun12_DE_B028,DE,DE,SKF_6205_DE,CWRU_DE_6205,ball,28 mil,,2hp,1750.0,nominal_by_load(site_table),12000,12000,X050_DE_time,True,False,False,120984,10.082,NATIVE12_ALLOWLISTED,conservative end/class/diameter identity (CWRU documents one test bearing per fault size and location; not serial-number certified),validation
3008,3008.mat,B028_3,official_12k_DE_fault,https://engineering.case.edu/sites/default/files/3008.mat,https://engineering.case.edu/bearingdatacenter/12k-drive-end-bearing-fault-data,ac958f7b5a1c00469849e6104a1869d75231cddd0742a39d36475fce589ee475,968072,data/raw/ball/B028_3_DE12k.mat,data/raw/ball/B028_3_DE12k.mat,,cwru_n12_DE_3008,X051,DE_B028,cwrun12_DE_B028,DE,DE,SKF_6205_DE,CWRU_DE_6205,ball,28 mil,,3hp,1730.0,nominal_by_load(site_table),12000,12000,X051_DE_time,True,False,False,120984,10.082,NATIVE12_ALLOWLISTED,conservative end/class/diameter identity (CWRU documents one test bearing per fault size and location; not serial-number certified),test
105,105.mat,IR007_0,official_12k_DE_fault,https://engineering.case.edu/sites/default/files/105.mat,https://engineering.case.edu/bearingdatacenter/12k-drive-end-bearing-fault-data,f80b0ea04fd06b372a0eaec7c056543ea37e4bb4727a5b173d2a5bacd2aa9cab,2910768,data/raw/inner_race/IR007_0_DE12k.mat,data/raw/inner_race/IR007_0_DE12k.mat,,cwru_n12_DE_105,X105,DE_IR007,cwrun12_DE_IR007,DE,DE,SKF_6205_DE,CWRU_DE_6205,inner_race,7 mil,,0hp,1797.0,file_RPM_variable,12000,12000,X105_DE_time,True,True,True,121265,10.105,NATIVE12_ALLOWLISTED,conservative end/class/diameter identity (CWRU documents one test bearing per fault size and location; not serial-number certified),train
106,106.mat,IR007_1,official_12k_DE_fault,https://engineering.case.edu/sites/default/files/106.mat,https://engineering.case.edu/bearingdatacenter/12k-drive-end-bearing-fault-data,e5cec7cdd138e6cd1deb9ed8634e5aaa9bc1bd7094ddc075bff606580eb6e883,2928192,data/raw/inner_race/IR007_1_DE12k.mat,data/raw/inner_race/IR007_1_DE12k.mat,,cwru_n12_DE_106,X106,DE_IR007,cwrun12_DE_IR007,DE,DE,SKF_6205_DE,CWRU_DE_6205,inner_race,7 mil,,1hp,1772.0,file_RPM_variable,12000,12000,X106_DE_time,True,True,True,121991,10.166,NATIVE12_ALLOWLISTED,conservative end/class/diameter identity (CWRU documents one test bearing per fault size and location; not serial-number certified),train
107,107.mat,IR007_2,official_12k_DE_fault,https://engineering.case.edu/sites/default/files/107.mat,https://engineering.case.edu/bearingdatacenter/12k-drive-end-bearing-fault-data,111ba8996a115684661a13c913bd74d8029a59294492f88aec7b03e175fdd388,2931672,data/raw/inner_race/IR007_2_DE12k.mat,data/raw/inner_race/IR007_2_DE12k.mat,,cwru_n12_DE_107,X107,DE_IR007,cwrun12_DE_IR007,DE,DE,SKF_6205_DE,CWRU_DE_6205,inner_race,7 mil,,2hp,1748.0,file_RPM_variable,12000,12000,X107_DE_time,True,True,True,122136,10.178,NATIVE12_ALLOWLISTED,conservative end/class/diameter identity (CWRU documents one test bearing per fault size and location; not serial-number certified),validation
108,108.mat,IR007_3,official_12k_DE_fault,https://engineering.case.edu/sites/default/files/108.mat,https://engineering.case.edu/bearingdatacenter/12k-drive-end-bearing-fault-data,d415f0e65128bfa0b118c2051c988fb0dc6ce3e4c8aa45fdc5ad1d0967462e7d,2950416,data/raw/inner_race/IR007_3_DE12k.mat,data/raw/inner_race/IR007_3_DE12k.mat,,cwru_n12_DE_108,X108,DE_IR007,cwrun12_DE_IR007,DE,DE,SKF_6205_DE,CWRU_DE_6205,inner_race,7 mil,,3hp,1721.0,file_RPM_variable,12000,12000,X108_DE_time,True,True,True,122917,10.243,NATIVE12_ALLOWLISTED,conservative end/class/diameter identity (CWRU documents one test bearing per fault size and location; not serial-number certified),test
169,169.mat,IR014_0,official_12k_DE_fault,https://engineering.case.edu/sites/default/files/169.mat,https://engineering.case.edu/bearingdatacenter/12k-drive-end-bearing-fault-data,f5448673725c4ea2735fe7d3fe4b16ad82b217eac6b62c4bf351c4549b0a5229,2924712,data/raw/inner_race/IR014_0_DE12k.mat,data/raw/inner_race/IR014_0_DE12k.mat,,cwru_n12_DE_169,X169,DE_IR014,cwrun12_DE_IR014,DE,DE,SKF_6205_DE,CWRU_DE_6205,inner_race,14 mil,,0hp,1796.0,file_RPM_variable,12000,12000,X169_DE_time,True,True,True,121846,10.154,NATIVE12_ALLOWLISTED,conservative end/class/diameter identity (CWRU documents one test bearing per fault size and location; not serial-number certified),train
170,170.mat,IR014_1,official_12k_DE_fault,https://engineering.case.edu/sites/default/files/170.mat,https://engineering.case.edu/bearingdatacenter/12k-drive-end-bearing-fault-data,bcb73a5208b67265468232a2e342f53719850901671d0ee28494f3af97621f46,2924712,data/raw/inner_race/IR014_1_DE12k.mat,data/raw/inner_race/IR014_1_DE12k.mat,,cwru_n12_DE_170,X170,DE_IR014,cwrun12_DE_IR014,DE,DE,SKF_6205_DE,CWRU_DE_6205,inner_race,14 mil,,1hp,1774.0,file_RPM_variable,12000,12000,X170_DE_time,True,True,True,121846,10.154,NATIVE12_ALLOWLISTED,conservative end/class/diameter identity (CWRU documents one test bearing per fault size and location; not serial-number certified),train
171,171.mat,IR014_2,official_12k_DE_fault,https://engineering.case.edu/sites/default/files/171.mat,https://engineering.case.edu/bearingdatacenter/12k-drive-end-bearing-fault-data,63d0fdc1a68e64610ddfaf56a9c224d6137ab7b5c0d318eea1d542b9e5ffc029,2924712,data/raw/inner_race/IR014_2_DE12k.mat,data/raw/inner_race/IR014_2_DE12k.mat,,cwru_n12_DE_171,X171,DE_IR014,cwrun12_DE_IR014,DE,DE,SKF_6205_DE,CWRU_DE_6205,inner_race,14 mil,,2hp,1752.0,file_RPM_variable,12000,12000,X171_DE_time,True,True,True,121846,10.154,NATIVE12_ALLOWLISTED,conservative end/class/diameter identity (CWRU documents one test bearing per fault size and location; not serial-number certified),validation
172,172.mat,IR014_3,official_12k_DE_fault,https://engineering.case.edu/sites/default/files/172.mat,https://engineering.case.edu/bearingdatacenter/12k-drive-end-bearing-fault-data,f75170ceef70d5da475671de0d2e52a0acd9b3883ad422b6deaf2907d888ba24,2921232,data/raw/inner_race/IR014_3_DE12k.mat,data/raw/inner_race/IR014_3_DE12k.mat,,cwru_n12_DE_172,X172,DE_IR014,cwrun12_DE_IR014,DE,DE,SKF_6205_DE,CWRU_DE_6205,inner_race,14 mil,,3hp,1728.0,file_RPM_variable,12000,12000,X172_DE_time,True,True,True,121701,10.142,NATIVE12_ALLOWLISTED,conservative end/class/diameter identity (CWRU documents one test bearing per fault size and location; not serial-number certified),test
209,209.mat,IR021_0,official_12k_DE_fault,https://engineering.case.edu/sites/default/files/209.mat,https://engineering.case.edu/bearingdatacenter/12k-drive-end-bearing-fault-data,9f723d6d9d2eba714c6dc50f99321dffa73d8b1e4d3605675b2c2251511eff80,2931672,data/raw/inner_race/IR021_0_DE12k.mat,data/raw/inner_race/IR021_0_DE12k.mat,,cwru_n12_DE_209,X209,DE_IR021,cwrun12_DE_IR021,DE,DE,SKF_6205_DE,CWRU_DE_6205,inner_race,21 mil,,0hp,1797.0,file_RPM_variable,12000,12000,X209_DE_time,True,True,True,122136,10.178,NATIVE12_ALLOWLISTED,conservative end/class/diameter identity (CWRU documents one test bearing per fault size and location; not serial-number certified),train
210,210.mat,IR021_1,official_12k_DE_fault,https://engineering.case.edu/sites/default/files/210.mat,https://engineering.case.edu/bearingdatacenter/12k-drive-end-bearing-fault-data,596692397e77e129a00f7b7a61c4c3ffd6c7a59979b89039e7f70a7431cce1c7,2917752,data/raw/inner_race/IR021_1_DE12k.mat,data/raw/inner_race/IR021_1_DE12k.mat,,cwru_n12_DE_210,X210,DE_IR021,cwrun12_DE_IR021,DE,DE,SKF_6205_DE,CWRU_DE_6205,inner_race,21 mil,,1hp,1774.0,file_RPM_variable,12000,12000,X210_DE_time,True,True,True,121556,10.13,NATIVE12_ALLOWLISTED,conservative end/class/diameter identity (CWRU documents one test bearing per fault size and location; not serial-number certified),train
211,211.mat,IR021_2,official_12k_DE_fault,https://engineering.case.edu/sites/default/files/211.mat,https://engineering.case.edu/bearingdatacenter/12k-drive-end-bearing-fault-data,8296a02ee489c2d16cbd9fc278ca2e29b22475cec70ebe840558c78b6b743dc1,2924712,data/raw/inner_race/IR021_2_DE12k.mat,data/raw/inner_race/IR021_2_DE12k.mat,,cwru_n12_DE_211,X211,DE_IR021,cwrun12_DE_IR021,DE,DE,SKF_6205_DE,CWRU_DE_6205,inner_race,21 mil,,2hp,1752.0,file_RPM_variable,12000,12000,X211_DE_time,True,True,True,121846,10.154,NATIVE12_ALLOWLISTED,conservative end/class/diameter identity (CWRU documents one test bearing per fault size and location; not serial-number certified),validation
212,212.mat,IR021_3,official_12k_DE_fault,https://engineering.case.edu/sites/default/files/212.mat,https://engineering.case.edu/bearingdatacenter/12k-drive-end-bearing-fault-data,bfe13761f545a26b217db897a12d27e16fec74306aa86ade8dbdc8ebe587c253,2928192,data/raw/inner_race/IR021_3_DE12k.mat,data/raw/inner_race/IR021_3_DE12k.mat,,cwru_n12_DE_212,X212,DE_IR021,cwrun12_DE_IR021,DE,DE,SKF_6205_DE,CWRU_DE_6205,inner_race,21 mil,,3hp,1728.0,file_RPM_variable,12000,12000,X212_DE_time,True,True,True,121991,10.166,NATIVE12_ALLOWLISTED,conservative end/class/diameter identity (CWRU documents one test bearing per fault size and location; not serial-number certified),test
3001,3001.mat,IR028_0,official_12k_DE_fault,https://engineering.case.edu/sites/default/files/3001.mat,https://engineering.case.edu/bearingdatacenter/12k-drive-end-bearing-fault-data,2e7400f922b75888dbee1fc3ab8c7cd770822127aa97353b7b622de103e79d46,966608,data/raw/inner_race/IR028_0_DE12k.mat,data/raw/inner_race/IR028_0_DE12k.mat,,cwru_n12_DE_3001,X056,DE_IR028,cwrun12_DE_IR028,DE,DE,SKF_6205_DE,CWRU_DE_6205,inner_race,28 mil,,0hp,1797.0,nominal_by_load(site_table),12000,12000,X056_DE_time,True,False,False,120801,10.067,NATIVE12_ALLOWLISTED,conservative end/class/diameter identity (CWRU documents one test bearing per fault size and location; not serial-number certified),train
3002,3002.mat,IR028_1,official_12k_DE_fault,https://engineering.case.edu/sites/default/files/3002.mat,https://engineering.case.edu/bearingdatacenter/12k-drive-end-bearing-fault-data,13556b993e01d95a48c6693f592bbea4da2252c99eb94d2f4a0961d8b3af033a,971008,data/raw/inner_race/IR028_1_DE12k.mat,data/raw/inner_race/IR028_1_DE12k.mat,,cwru_n12_DE_3002,X057,DE_IR028,cwrun12_DE_IR028,DE,DE,SKF_6205_DE,CWRU_DE_6205,inner_race,28 mil,,1hp,1772.0,nominal_by_load(site_table),12000,12000,X057_DE_time,True,False,False,121351,10.113,NATIVE12_ALLOWLISTED,conservative end/class/diameter identity (CWRU documents one test bearing per fault size and location; not serial-number certified),train
3003,3003.mat,IR028_2,official_12k_DE_fault,https://engineering.case.edu/sites/default/files/3003.mat,https://engineering.case.edu/bearingdatacenter/12k-drive-end-bearing-fault-data,ef7ebceaee0a1da63c6da18f227e3582d6c626dbce2d84a06674872645cb8272,971008,data/raw/inner_race/IR028_2_DE12k.mat,data/raw/inner_race/IR028_2_DE12k.mat,,cwru_n12_DE_3003,X058,DE_IR028,cwrun12_DE_IR028,DE,DE,SKF_6205_DE,CWRU_DE_6205,inner_race,28 mil,,2hp,1750.0,nominal_by_load(site_table),12000,12000,X058_DE_time,True,False,False,121351,10.113,NATIVE12_ALLOWLISTED,conservative end/class/diameter identity (CWRU documents one test bearing per fault size and location; not serial-number certified),validation
3004,3004.mat,IR028_3,official_12k_DE_fault,https://engineering.case.edu/sites/default/files/3004.mat,https://engineering.case.edu/bearingdatacenter/12k-drive-end-bearing-fault-data,5c0a940bcef2b4850c826f3480f493ea69c68a09b79a70e79c7fa5cb39020c32,972480,data/raw/inner_race/IR028_3_DE12k.mat,data/raw/inner_race/IR028_3_DE12k.mat,,cwru_n12_DE_3004,X059,DE_IR028,cwrun12_DE_IR028,DE,DE,SKF_6205_DE,CWRU_DE_6205,inner_race,28 mil,,3hp,1730.0,nominal_by_load(site_table),12000,12000,X059_DE_time,True,False,False,121535,10.128,NATIVE12_ALLOWLISTED,conservative end/class/diameter identity (CWRU documents one test bearing per fault size and location; not serial-number certified),test
156,156.mat,OR007@12_0,official_12k_DE_fault,https://engineering.case.edu/sites/default/files/156.mat,https://engineering.case.edu/bearingdatacenter/12k-drive-end-bearing-fault-data,d6ebef8850c114f136018381f6d3fa1c700073a784fffac72c0c8a3e21a227e3,2935152,data/raw/outer_race/OR007@12_0_DE12k.mat,data/raw/outer_race/OR007@12_0_DE12k.mat,,cwru_n12_DE_156,X156,DE_OR007,cwrun12_DE_OR007,DE,DE,SKF_6205_DE,CWRU_DE_6205,outer_race,7 mil,12,0hp,1797.0,file_RPM_variable,12000,12000,X156_DE_time,True,True,True,122281,10.19,NATIVE12_ALLOWLISTED,conservative end/class/diameter identity (CWRU documents one test bearing per fault size and location; not serial-number certified),train
158,158.mat,OR007@12_1,official_12k_DE_fault,https://engineering.case.edu/sites/default/files/158.mat,https://engineering.case.edu/bearingdatacenter/12k-drive-end-bearing-fault-data,9ca1d5954e2ab970d3e8e87d069a1a468151f177071b4b7dc6f9ca1acfd0dfcd,2928192,data/raw/outer_race/OR007@12_1_DE12k.mat,data/raw/outer_race/OR007@12_1_DE12k.mat,,cwru_n12_DE_158,X158,DE_OR007,cwrun12_DE_OR007,DE,DE,SKF_6205_DE,CWRU_DE_6205,outer_race,7 mil,12,1hp,1773.0,file_RPM_variable,12000,12000,X158_DE_time,True,True,True,121991,10.166,NATIVE12_ALLOWLISTED,conservative end/class/diameter identity (CWRU documents one test bearing per fault size and location; not serial-number certified),train
159,159.mat,OR007@12_2,official_12k_DE_fault,https://engineering.case.edu/sites/default/files/159.mat,https://engineering.case.edu/bearingdatacenter/12k-drive-end-bearing-fault-data,a0544e211cda781e06c70a29fbbc34ff871625dd9929917cfb5367b8bc59d236,2935152,data/raw/outer_race/OR007@12_2_DE12k.mat,data/raw/outer_race/OR007@12_2_DE12k.mat,,cwru_n12_DE_159,X159,DE_OR007,cwrun12_DE_OR007,DE,DE,SKF_6205_DE,CWRU_DE_6205,outer_race,7 mil,12,2hp,1750.0,file_RPM_variable,12000,12000,X159_DE_time,True,True,True,122281,10.19,NATIVE12_ALLOWLISTED,conservative end/class/diameter identity (CWRU documents one test bearing per fault size and location; not serial-number certified),validation
160,160.mat,OR007@12_3,official_12k_DE_fault,https://engineering.case.edu/sites/default/files/160.mat,https://engineering.case.edu/bearingdatacenter/12k-drive-end-bearing-fault-data,e3385b0ba00274a35405205622b9513cbd0b2a3e62116d50adf477a1def0e8d2,2931672,data/raw/outer_race/OR007@12_3_DE12k.mat,data/raw/outer_race/OR007@12_3_DE12k.mat,,cwru_n12_DE_160,X160,DE_OR007,cwrun12_DE_OR007,DE,DE,SKF_6205_DE,CWRU_DE_6205,outer_race,7 mil,12,3hp,1724.0,file_RPM_variable,12000,12000,X160_DE_time,True,True,True,122136,10.178,NATIVE12_ALLOWLISTED,conservative end/class/diameter identity (CWRU documents one test bearing per fault size and location; not serial-number certified),test
144,144.mat,OR007@3_0,official_12k_DE_fault,https://engineering.case.edu/sites/default/files/144.mat,https://engineering.case.edu/bearingdatacenter/12k-drive-end-bearing-fault-data,f1f51d8c3b66e90fcdd8de15be95c2d4d3e9bac018dbba57f3006e930eec6b22,2935152,data/raw/outer_race/OR007@3_0_DE12k.mat,data/raw/outer_race/OR007@3_0_DE12k.mat,,cwru_n12_DE_144,X144,DE_OR007,cwrun12_DE_OR007,DE,DE,SKF_6205_DE,CWRU_DE_6205,outer_race,7 mil,3,0hp,1797.0,file_RPM_variable,12000,12000,X144_DE_time,True,True,True,122281,10.19,NATIVE12_ALLOWLISTED,conservative end/class/diameter identity (CWRU documents one test bearing per fault size and location; not serial-number certified),train
145,145.mat,OR007@3_1,official_12k_DE_fault,https://engineering.case.edu/sites/default/files/145.mat,https://engineering.case.edu/bearingdatacenter/12k-drive-end-bearing-fault-data,2ea3b3e021ec0024a6b85573035e4ca76856180c875fed7740a2ee7216ad84a2,2924712,data/raw/outer_race/OR007@3_1_DE12k.mat,data/raw/outer_race/OR007@3_1_DE12k.mat,,cwru_n12_DE_145,X145,DE_OR007,cwrun12_DE_OR007,DE,DE,SKF_6205_DE,CWRU_DE_6205,outer_race,7 mil,3,1hp,1774.0,file_RPM_variable,12000,12000,X145_DE_time,True,True,True,121846,10.154,NATIVE12_ALLOWLISTED,conservative end/class/diameter identity (CWRU documents one test bearing per fault size and location; not serial-number certified),train
146,146.mat,OR007@3_2,official_12k_DE_fault,https://engineering.case.edu/sites/default/files/146.mat,https://engineering.case.edu/bearingdatacenter/12k-drive-end-bearing-fault-data,1be984f637243ce8e0bf801a6a82b0b024abd6d0f71aa9d759330ccc898d7b7b,2917752,data/raw/outer_race/OR007@3_2_DE12k.mat,data/raw/outer_race/OR007@3_2_DE12k.mat,,cwru_n12_DE_146,X146,DE_OR007,cwrun12_DE_OR007,DE,DE,SKF_6205_DE,CWRU_DE_6205,outer_race,7 mil,3,2hp,1751.0,file_RPM_variable,12000,12000,X146_DE_time,True,True,True,121556,10.13,NATIVE12_ALLOWLISTED,conservative end/class/diameter identity (CWRU documents one test bearing per fault size and location; not serial-number certified),validation
147,147.mat,OR007@3_3,official_12k_DE_fault,https://engineering.case.edu/sites/default/files/147.mat,https://engineering.case.edu/bearingdatacenter/12k-drive-end-bearing-fault-data,cb8a4440866359a664200b5cf774c567accdbf12a56a4854d137a4638cfe43fb,2935152,data/raw/outer_race/OR007@3_3_DE12k.mat,data/raw/outer_race/OR007@3_3_DE12k.mat,,cwru_n12_DE_147,X147,DE_OR007,cwrun12_DE_OR007,DE,DE,SKF_6205_DE,CWRU_DE_6205,outer_race,7 mil,3,3hp,1725.0,file_RPM_variable,12000,12000,X147_DE_time,True,True,True,122281,10.19,NATIVE12_ALLOWLISTED,conservative end/class/diameter identity (CWRU documents one test bearing per fault size and location; not serial-number certified),test
130,130.mat,OR007@6_0,official_12k_DE_fault,https://engineering.case.edu/sites/default/files/130.mat,https://engineering.case.edu/bearingdatacenter/12k-drive-end-bearing-fault-data,35a095307d0971477049b343a1b5981dde465a58fb7f233ad89b035068c1717d,2928192,data/raw/outer_race/OR007@6_0_DE12k.mat,data/raw/outer_race/OR007@6_0_DE12k.mat,,cwru_n12_DE_130,X130,DE_OR007,cwrun12_DE_OR007,DE,DE,SKF_6205_DE,CWRU_DE_6205,outer_race,7 mil,6,0hp,1796.0,file_RPM_variable,12000,12000,X130_DE_time,True,True,True,121991,10.166,NATIVE12_ALLOWLISTED,conservative end/class/diameter identity (CWRU documents one test bearing per fault size and location; not serial-number certified),train
131,131.mat,OR007@6_1,official_12k_DE_fault,https://engineering.case.edu/sites/default/files/131.mat,https://engineering.case.edu/bearingdatacenter/12k-drive-end-bearing-fault-data,7883f7b83beadc54b2f301767f9145ce07055707182fb0278fdf0a6bb53ce3cb,2938632,data/raw/outer_race/OR007@6_1_DE12k.mat,data/raw/outer_race/OR007@6_1_DE12k.mat,,cwru_n12_DE_131,X131,DE_OR007,cwrun12_DE_OR007,DE,DE,SKF_6205_DE,CWRU_DE_6205,outer_race,7 mil,6,1hp,1773.0,file_RPM_variable,12000,12000,X131_DE_time,True,True,True,122426,10.202,NATIVE12_ALLOWLISTED,conservative end/class/diameter identity (CWRU documents one test bearing per fault size and location; not serial-number certified),train
132,132.mat,OR007@6_2,official_12k_DE_fault,https://engineering.case.edu/sites/default/files/132.mat,https://engineering.case.edu/bearingdatacenter/12k-drive-end-bearing-fault-data,17a69ed5d2270b42532e678e35bbe2fa04a2cc413cf2bf9e88c7692de8662d18,2914248,data/raw/outer_race/OR007@6_2_DE12k.mat,data/raw/outer_race/OR007@6_2_DE12k.mat,,cwru_n12_DE_132,X132,DE_OR007,cwrun12_DE_OR007,DE,DE,SKF_6205_DE,CWRU_DE_6205,outer_race,7 mil,6,2hp,1750.0,file_RPM_variable,12000,12000,X132_DE_time,True,True,True,121410,10.117,NATIVE12_ALLOWLISTED,conservative end/class/diameter identity (CWRU documents one test bearing per fault size and location; not serial-number certified),validation
133,133.mat,OR007@6_3,official_12k_DE_fault,https://engineering.case.edu/sites/default/files/133.mat,https://engineering.case.edu/bearingdatacenter/12k-drive-end-bearing-fault-data,53f076cb0d905cf46bffaee7736abce8224ffed777deed03c0c863d762a90c71,2942112,data/raw/outer_race/OR007@6_3_DE12k.mat,data/raw/outer_race/OR007@6_3_DE12k.mat,,cwru_n12_DE_133,X133,DE_OR007,cwrun12_DE_OR007,DE,DE,SKF_6205_DE,CWRU_DE_6205,outer_race,7 mil,6,3hp,1725.0,file_RPM_variable,12000,12000,X133_DE_time,True,True,True,122571,10.214,NATIVE12_ALLOWLISTED,conservative end/class/diameter identity (CWRU documents one test bearing per fault size and location; not serial-number certified),test
197,197.mat,OR014@6_0,official_12k_DE_fault,https://engineering.case.edu/sites/default/files/197.mat,https://engineering.case.edu/bearingdatacenter/12k-drive-end-bearing-fault-data,fa571b47cd942f9514a920b403fb7c053cd442bb2963a360a96d0f61432f03e9,2924712,data/raw/outer_race/OR014@6_0_DE12k.mat,data/raw/outer_race/OR014@6_0_DE12k.mat,,cwru_n12_DE_197,X197,DE_OR014,cwrun12_DE_OR014,DE,DE,SKF_6205_DE,CWRU_DE_6205,outer_race,14 mil,6,0hp,1796.0,file_RPM_variable,12000,12000,X197_DE_time,True,True,True,121846,10.154,NATIVE12_ALLOWLISTED,conservative end/class/diameter identity (CWRU documents one test bearing per fault size and location; not serial-number certified),train
198,198.mat,OR014@6_1,official_12k_DE_fault,https://engineering.case.edu/sites/default/files/198.mat,https://engineering.case.edu/bearingdatacenter/12k-drive-end-bearing-fault-data,dbd58e4585ca8f8332c708b15936987ec0990ca701359fd2483dae2719df5b49,2931672,data/raw/outer_race/OR014@6_1_DE12k.mat,data/raw/outer_race/OR014@6_1_DE12k.mat,,cwru_n12_DE_198,X198,DE_OR014,cwrun12_DE_OR014,DE,DE,SKF_6205_DE,CWRU_DE_6205,outer_race,14 mil,6,1hp,1772.0,file_RPM_variable,12000,12000,X198_DE_time,True,True,True,122136,10.178,NATIVE12_ALLOWLISTED,conservative end/class/diameter identity (CWRU documents one test bearing per fault size and location; not serial-number certified),train
199,199.mat,OR014@6_2,official_12k_DE_fault,https://engineering.case.edu/sites/default/files/199.mat,https://engineering.case.edu/bearingdatacenter/12k-drive-end-bearing-fault-data,ca4e6407fdb68845a6973da6028477911a62d018580063749fe956441be95cf2,2924712,data/raw/outer_race/OR014@6_2_DE12k.mat,data/raw/outer_race/OR014@6_2_DE12k.mat,,cwru_n12_DE_199,X199,DE_OR014,cwrun12_DE_OR014,DE,DE,SKF_6205_DE,CWRU_DE_6205,outer_race,14 mil,6,2hp,1749.0,file_RPM_variable,12000,12000,X199_DE_time,True,True,True,121846,10.154,NATIVE12_ALLOWLISTED,conservative end/class/diameter identity (CWRU documents one test bearing per fault size and location; not serial-number certified),validation
200,200.mat,OR014@6_3,official_12k_DE_fault,https://engineering.case.edu/sites/default/files/200.mat,https://engineering.case.edu/bearingdatacenter/12k-drive-end-bearing-fault-data,2526483d2701220a700df8e6c9db0c527641b0887225907f4096610dd7120f4b,2928192,data/raw/outer_race/OR014@6_3_DE12k.mat,data/raw/outer_race/OR014@6_3_DE12k.mat,,cwru_n12_DE_200,X200,DE_OR014,cwrun12_DE_OR014,DE,DE,SKF_6205_DE,CWRU_DE_6205,outer_race,14 mil,6,3hp,1723.0,file_RPM_variable,12000,12000,X200_DE_time,True,True,True,121991,10.166,NATIVE12_ALLOWLISTED,conservative end/class/diameter identity (CWRU documents one test bearing per fault size and location; not serial-number certified),test
258,258.mat,OR021@12_0,official_12k_DE_fault,https://engineering.case.edu/sites/default/files/258.mat,https://engineering.case.edu/bearingdatacenter/12k-drive-end-bearing-fault-data,0b9c84acca45c3ee6ecbd697eb186a903293809625fda231a18da8c588e34383,2924712,data/raw_native12_official/258.mat,data/raw_native12_official/258.mat,,cwru_n12_DE_258,X258,DE_OR021,cwrun12_DE_OR021,DE,DE,SKF_6205_DE,CWRU_DE_6205,outer_race,21 mil,12,0hp,1796.0,file_RPM_variable,12000,12000,X258_DE_time,True,True,True,121846,10.154,NATIVE12_ALLOWLISTED,conservative end/class/diameter identity (CWRU documents one test bearing per fault size and location; not serial-number certified),train
259,259.mat,OR021@12_1,official_12k_DE_fault,https://engineering.case.edu/sites/default/files/259.mat,https://engineering.case.edu/bearingdatacenter/12k-drive-end-bearing-fault-data,7d9f99e3a85d10d9c9548d09a2990f5dd35dd8a634d2f71ac1192a03ffadf1f2,2938632,data/raw_native12_official/259.mat,data/raw_native12_official/259.mat,,cwru_n12_DE_259,X259,DE_OR021,cwrun12_DE_OR021,DE,DE,SKF_6205_DE,CWRU_DE_6205,outer_race,21 mil,12,1hp,1771.0,file_RPM_variable,12000,12000,X259_DE_time,True,True,True,122426,10.202,NATIVE12_ALLOWLISTED,conservative end/class/diameter identity (CWRU documents one test bearing per fault size and location; not serial-number certified),train
260,260.mat,OR021@12_2,official_12k_DE_fault,https://engineering.case.edu/sites/default/files/260.mat,https://engineering.case.edu/bearingdatacenter/12k-drive-end-bearing-fault-data,75b92225df9bdc8053809d9732fec4a5eac27e770bb78f9796998f8b7f6a15df,2945592,data/raw_native12_official/260.mat,data/raw_native12_official/260.mat,,cwru_n12_DE_260,X260,DE_OR021,cwrun12_DE_OR021,DE,DE,SKF_6205_DE,CWRU_DE_6205,outer_race,21 mil,12,2hp,1746.0,file_RPM_variable,12000,12000,X260_DE_time,True,True,True,122716,10.226,NATIVE12_ALLOWLISTED,conservative end/class/diameter identity (CWRU documents one test bearing per fault size and location; not serial-number certified),validation
261,261.mat,OR021@12_3,official_12k_DE_fault,https://engineering.case.edu/sites/default/files/261.mat,https://engineering.case.edu/bearingdatacenter/12k-drive-end-bearing-fault-data,d89e31d7ba9f08e183e9acdea10f814a89837e38e6762a7dde4d871a976437a1,2921232,data/raw_native12_official/261.mat,data/raw_native12_official/261.mat,,cwru_n12_DE_261,X261,DE_OR021,cwrun12_DE_OR021,DE,DE,SKF_6205_DE,CWRU_DE_6205,outer_race,21 mil,12,3hp,1718.0,file_RPM_variable,12000,12000,X261_DE_time,True,True,True,121701,10.142,NATIVE12_ALLOWLISTED,conservative end/class/diameter identity (CWRU documents one test bearing per fault size and location; not serial-number certified),test
246,246.mat,OR021@3_0,official_12k_DE_fault,https://engineering.case.edu/sites/default/files/246.mat,https://engineering.case.edu/bearingdatacenter/12k-drive-end-bearing-fault-data,9e02c5e5785f51cc9a60bf31ccb14e6869ff7d452e4aedefa325aa8a6d9da4e9,2921232,data/raw/outer_race/OR021@12_0_DE12k.mat,data/raw/outer_race/OR021@12_0_DE12k.mat,data/raw/outer_race/OR021@12_0_DE12k.mat,cwru_n12_DE_246,X246,DE_OR021,cwrun12_DE_OR021,DE,DE,SKF_6205_DE,CWRU_DE_6205,outer_race,21 mil,3,0hp,1796.0,file_RPM_variable,12000,12000,X246_DE_time,True,True,True,121701,10.142,NATIVE12_ALLOWLISTED,conservative end/class/diameter identity (CWRU documents one test bearing per fault size and location; not serial-number certified),train
247,247.mat,OR021@3_1,official_12k_DE_fault,https://engineering.case.edu/sites/default/files/247.mat,https://engineering.case.edu/bearingdatacenter/12k-drive-end-bearing-fault-data,83ed7f952bd0e1c412ca490e1757a36c4f91ffdef75ce359daaeec4a5b0466fa,2928192,data/raw/outer_race/OR021@12_1_DE12k.mat,data/raw/outer_race/OR021@12_1_DE12k.mat,data/raw/outer_race/OR021@12_1_DE12k.mat,cwru_n12_DE_247,X247,DE_OR021,cwrun12_DE_OR021,DE,DE,SKF_6205_DE,CWRU_DE_6205,outer_race,21 mil,3,1hp,1771.0,file_RPM_variable,12000,12000,X247_DE_time,True,True,True,121991,10.166,NATIVE12_ALLOWLISTED,conservative end/class/diameter identity (CWRU documents one test bearing per fault size and location; not serial-number certified),train
248,248.mat,OR021@3_2,official_12k_DE_fault,https://engineering.case.edu/sites/default/files/248.mat,https://engineering.case.edu/bearingdatacenter/12k-drive-end-bearing-fault-data,d3418e8f9884493548bdddb5406f84a4fd0e73ec153b8f3dfd4633525685ff10,2935152,data/raw/outer_race/OR021@12_2_DE12k.mat,data/raw/outer_race/OR021@12_2_DE12k.mat,data/raw/outer_race/OR021@12_2_DE12k.mat,cwru_n12_DE_248,X248,DE_OR021,cwrun12_DE_OR021,DE,DE,SKF_6205_DE,CWRU_DE_6205,outer_race,21 mil,3,2hp,1747.0,file_RPM_variable,12000,12000,X248_DE_time,True,True,True,122281,10.19,NATIVE12_ALLOWLISTED,conservative end/class/diameter identity (CWRU documents one test bearing per fault size and location; not serial-number certified),validation
249,249.mat,OR021@3_3,official_12k_DE_fault,https://engineering.case.edu/sites/default/files/249.mat,https://engineering.case.edu/bearingdatacenter/12k-drive-end-bearing-fault-data,2468c6faf7d93483ffba1f2a10b17820f024d5a34037256e7ee38dfde541e974,2931672,data/raw/outer_race/OR021@12_3_DE12k.mat,data/raw/outer_race/OR021@12_3_DE12k.mat,data/raw/outer_race/OR021@12_3_DE12k.mat,cwru_n12_DE_249,X249,DE_OR021,cwrun12_DE_OR021,DE,DE,SKF_6205_DE,CWRU_DE_6205,outer_race,21 mil,3,3hp,1719.0,file_RPM_variable,12000,12000,X249_DE_time,True,True,True,122136,10.178,NATIVE12_ALLOWLISTED,conservative end/class/diameter identity (CWRU documents one test bearing per fault size and location; not serial-number certified),test
234,234.mat,OR021@6_0,official_12k_DE_fault,https://engineering.case.edu/sites/default/files/234.mat,https://engineering.case.edu/bearingdatacenter/12k-drive-end-bearing-fault-data,ebcbdb96612e8085bbdbf81f0e5e8e8a8d1a693d1ec559c4894f7792771aa9b2,2938632,data/raw/outer_race/OR021@6_0_DE12k.mat,data/raw/outer_race/OR021@6_0_DE12k.mat,,cwru_n12_DE_234,X234,DE_OR021,cwrun12_DE_OR021,DE,DE,SKF_6205_DE,CWRU_DE_6205,outer_race,21 mil,6,0hp,1796.0,file_RPM_variable,12000,12000,X234_DE_time,True,True,True,122426,10.202,NATIVE12_ALLOWLISTED,conservative end/class/diameter identity (CWRU documents one test bearing per fault size and location; not serial-number certified),train
235,235.mat,OR021@6_1,official_12k_DE_fault,https://engineering.case.edu/sites/default/files/235.mat,https://engineering.case.edu/bearingdatacenter/12k-drive-end-bearing-fault-data,667e4bf1f213f92d10dca71d494ad002d8fd22bfd8004b31a4c71ccf0d764b66,2928192,data/raw/outer_race/OR021@6_1_DE12k.mat,data/raw/outer_race/OR021@6_1_DE12k.mat,,cwru_n12_DE_235,X235,DE_OR021,cwrun12_DE_OR021,DE,DE,SKF_6205_DE,CWRU_DE_6205,outer_race,21 mil,6,1hp,1771.0,file_RPM_variable,12000,12000,X235_DE_time,True,True,True,121991,10.166,NATIVE12_ALLOWLISTED,conservative end/class/diameter identity (CWRU documents one test bearing per fault size and location; not serial-number certified),train
236,236.mat,OR021@6_2,official_12k_DE_fault,https://engineering.case.edu/sites/default/files/236.mat,https://engineering.case.edu/bearingdatacenter/12k-drive-end-bearing-fault-data,c411d6d9826cba8073430555dc833e05fcbe4c38535f3eb7f03c525ea6797589,2935152,data/raw/outer_race/OR021@6_2_DE12k.mat,data/raw/outer_race/OR021@6_2_DE12k.mat,,cwru_n12_DE_236,X236,DE_OR021,cwrun12_DE_OR021,DE,DE,SKF_6205_DE,CWRU_DE_6205,outer_race,21 mil,6,2hp,1748.0,file_RPM_variable,12000,12000,X236_DE_time,True,True,True,122281,10.19,NATIVE12_ALLOWLISTED,conservative end/class/diameter identity (CWRU documents one test bearing per fault size and location; not serial-number certified),validation
237,237.mat,OR021@6_3,official_12k_DE_fault,https://engineering.case.edu/sites/default/files/237.mat,https://engineering.case.edu/bearingdatacenter/12k-drive-end-bearing-fault-data,233d1edb2daa963658369119e389e30f02aca551dd7bb028ab33e7ba63edfd20,2928192,data/raw/outer_race/OR021@6_3_DE12k.mat,data/raw/outer_race/OR021@6_3_DE12k.mat,,cwru_n12_DE_237,X237,DE_OR021,cwrun12_DE_OR021,DE,DE,SKF_6205_DE,CWRU_DE_6205,outer_race,21 mil,6,3hp,1721.0,file_RPM_variable,12000,12000,X237_DE_time,True,True,True,121991,10.166,NATIVE12_ALLOWLISTED,conservative end/class/diameter identity (CWRU documents one test bearing per fault size and location; not serial-number certified),test
282,282.mat,B007_0,official_12k_FE_fault,https://engineering.case.edu/sites/default/files/282.mat,https://engineering.case.edu/bearingdatacenter/12k-fan-end-bearing-fault-data,e7447bf84ff363c0e49f651f76b502ab34b58653d53156faa852033cef8da947,2908440,data/raw_cwru_12k_fe/B007_0_FE12k.mat,data/raw_cwru_12k_fe/B007_0_FE12k.mat,,cwru_n12_FE_282,X282,FE_B007,cwrun12_FE_B007,FE,FE,SKF_6203_FE,CWRU_FE_6203,ball,7 mil,,0hp,1798.0,file_RPM_variable,12000,12000,X282_FE_time,True,True,True,121168,10.097,NATIVE12_ALLOWLISTED,conservative end/class/diameter identity (CWRU documents one test bearing per fault size and location; not serial-number certified),train
283,283.mat,B007_1,official_12k_FE_fault,https://engineering.case.edu/sites/default/files/283.mat,https://engineering.case.edu/bearingdatacenter/12k-fan-end-bearing-fault-data,ec58fd361b56b645ce3811352ec4ae947fbdfc053cede581738129d02ea8928b,2899632,data/raw_cwru_12k_fe/B007_1_FE12k.mat,data/raw_cwru_12k_fe/B007_1_FE12k.mat,,cwru_n12_FE_283,X283,FE_B007,cwrun12_FE_B007,FE,FE,SKF_6203_FE,CWRU_FE_6203,ball,7 mil,,1hp,1777.0,file_RPM_variable,12000,12000,X283_FE_time,True,True,True,120801,10.067,NATIVE12_ALLOWLISTED,conservative end/class/diameter identity (CWRU documents one test bearing per fault size and location; not serial-number certified),train
284,284.mat,B007_2,official_12k_FE_fault,https://engineering.case.edu/sites/default/files/284.mat,https://engineering.case.edu/bearingdatacenter/12k-fan-end-bearing-fault-data,f6179084903e78126b7728f267125f0d387f79eb69742145fc1047fdfc938d8b,2921664,data/raw_cwru_12k_fe/B007_2_FE12k.mat,data/raw_cwru_12k_fe/B007_2_FE12k.mat,,cwru_n12_FE_284,X284,FE_B007,cwrun12_FE_B007,FE,FE,SKF_6203_FE,CWRU_FE_6203,ball,7 mil,,2hp,1755.0,file_RPM_variable,12000,12000,X284_FE_time,True,True,True,121719,10.143,NATIVE12_ALLOWLISTED,conservative end/class/diameter identity (CWRU documents one test bearing per fault size and location; not serial-number certified),validation
285,285.mat,B007_3,official_12k_FE_fault,https://engineering.case.edu/sites/default/files/285.mat,https://engineering.case.edu/bearingdatacenter/12k-fan-end-bearing-fault-data,0536eee89c111af8c4ecbf8dd580bc63a35df480795d837d1e9a0d036c62ed4b,2908440,data/raw_cwru_12k_fe/B007_3_FE12k.mat,data/raw_cwru_12k_fe/B007_3_FE12k.mat,,cwru_n12_FE_285,X285,FE_B007,cwrun12_FE_B007,FE,FE,SKF_6203_FE,CWRU_FE_6203,ball,7 mil,,3hp,1732.0,file_RPM_variable,12000,12000,X285_FE_time,True,True,True,121168,10.097,NATIVE12_ALLOWLISTED,conservative end/class/diameter identity (CWRU documents one test bearing per fault size and location; not serial-number certified),test
286,286.mat,B014_0,official_12k_FE_fault,https://engineering.case.edu/sites/default/files/286.mat,https://engineering.case.edu/bearingdatacenter/12k-fan-end-bearing-fault-data,ffef67be62c7f4395c3c0d69684ee7b7772d5c6f6c4f5f67b6791fa66d2489ea,2930472,data/raw_cwru_12k_fe/B014_0_FE12k.mat,data/raw_cwru_12k_fe/B014_0_FE12k.mat,,cwru_n12_FE_286,X286,FE_B014,cwrun12_FE_B014,FE,FE,SKF_6203_FE,CWRU_FE_6203,ball,14 mil,,0hp,1796.0,file_RPM_variable,12000,12000,X286_FE_time,True,True,True,122086,10.174,NATIVE12_ALLOWLISTED,conservative end/class/diameter identity (CWRU documents one test bearing per fault size and location; not serial-number certified),train
287,287.mat,B014_1,official_12k_FE_fault,https://engineering.case.edu/sites/default/files/287.mat,https://engineering.case.edu/bearingdatacenter/12k-fan-end-bearing-fault-data,11838a991ec50b1f34f786ca8431e0ef1ff81df072a66e9740e6488da5be8627,2921664,data/raw_cwru_12k_fe/B014_1_FE12k.mat,data/raw_cwru_12k_fe/B014_1_FE12k.mat,,cwru_n12_FE_287,X287,FE_B014,cwrun12_FE_B014,FE,FE,SKF_6203_FE,CWRU_FE_6203,ball,14 mil,,1hp,1775.0,file_RPM_variable,12000,12000,X287_FE_time,True,True,True,121719,10.143,NATIVE12_ALLOWLISTED,conservative end/class/diameter identity (CWRU documents one test bearing per fault size and location; not serial-number certified),train
288,288.mat,B014_2,official_12k_FE_fault,https://engineering.case.edu/sites/default/files/288.mat,https://engineering.case.edu/bearingdatacenter/12k-fan-end-bearing-fault-data,1c16e412208b2f7d43779ba6654fdc76781bd118071a27442338cae781a22bd5,2934864,data/raw_cwru_12k_fe/B014_2_FE12k.mat,data/raw_cwru_12k_fe/B014_2_FE12k.mat,,cwru_n12_FE_288,X288,FE_B014,cwrun12_FE_B014,FE,FE,SKF_6203_FE,CWRU_FE_6203,ball,14 mil,,2hp,1755.0,file_RPM_variable,12000,12000,X288_FE_time,True,True,True,122269,10.189,NATIVE12_ALLOWLISTED,conservative end/class/diameter identity (CWRU documents one test bearing per fault size and location; not serial-number certified),validation
289,289.mat,B014_3,official_12k_FE_fault,https://engineering.case.edu/sites/default/files/289.mat,https://engineering.case.edu/bearingdatacenter/12k-fan-end-bearing-fault-data,5fb1247048f7773b2bc023afed156f7708d6a03fe78f7aa33f0a202beef6b2de,2908440,data/raw_cwru_12k_fe/B014_3_FE12k.mat,data/raw_cwru_12k_fe/B014_3_FE12k.mat,,cwru_n12_FE_289,X289,FE_B014,cwrun12_FE_B014,FE,FE,SKF_6203_FE,CWRU_FE_6203,ball,14 mil,,3hp,1732.0,file_RPM_variable,12000,12000,X289_FE_time,True,True,True,121168,10.097,NATIVE12_ALLOWLISTED,conservative end/class/diameter identity (CWRU documents one test bearing per fault size and location; not serial-number certified),test
290,290.mat,B021_0,official_12k_FE_fault,https://engineering.case.edu/sites/default/files/290.mat,https://engineering.case.edu/bearingdatacenter/12k-fan-end-bearing-fault-data,53146773c3f3b844a6aaaf57fbbe4a821c4e887bb9ad20af49c4bf904e4d9096,2912832,data/raw_cwru_12k_fe/B021_0_FE12k.mat,data/raw_cwru_12k_fe/B021_0_FE12k.mat,,cwru_n12_FE_290,X290,FE_B021,cwrun12_FE_B021,FE,FE,SKF_6203_FE,CWRU_FE_6203,ball,21 mil,,0hp,1796.0,file_RPM_variable,12000,12000,X290_FE_time,True,True,True,121351,10.113,NATIVE12_ALLOWLISTED,conservative end/class/diameter identity (CWRU documents one test bearing per fault size and location; not serial-number certified),train
291,291.mat,B021_1,official_12k_FE_fault,https://engineering.case.edu/sites/default/files/291.mat,https://engineering.case.edu/bearingdatacenter/12k-fan-end-bearing-fault-data,1511ae3611d67c9cfa697ba2b204332ab52337a95e22eba9ebde172e3385d69d,2912832,data/raw_cwru_12k_fe/B021_1_FE12k.mat,data/raw_cwru_12k_fe/B021_1_FE12k.mat,,cwru_n12_FE_291,X291,FE_B021,cwrun12_FE_B021,FE,FE,SKF_6203_FE,CWRU_FE_6203,ball,21 mil,,1hp,1775.0,file_RPM_variable,12000,12000,X291_FE_time,True,True,True,121351,10.113,NATIVE12_ALLOWLISTED,conservative end/class/diameter identity (CWRU documents one test bearing per fault size and location; not serial-number certified),train
292,292.mat,B021_2,official_12k_FE_fault,https://engineering.case.edu/sites/default/files/292.mat,https://engineering.case.edu/bearingdatacenter/12k-fan-end-bearing-fault-data,09d10a867b780b4d214453a31c6c85963b7a5c67eb51a70e382902f37b202123,2917248,data/raw_cwru_12k_fe/B021_2_FE12k.mat,data/raw_cwru_12k_fe/B021_2_FE12k.mat,,cwru_n12_FE_292,X292,FE_B021,cwrun12_FE_B021,FE,FE,SKF_6203_FE,CWRU_FE_6203,ball,21 mil,,2hp,1756.0,file_RPM_variable,12000,12000,X292_FE_time,True,True,True,121535,10.128,NATIVE12_ALLOWLISTED,conservative end/class/diameter identity (CWRU documents one test bearing per fault size and location; not serial-number certified),validation
293,293.mat,B021_3,official_12k_FE_fault,https://engineering.case.edu/sites/default/files/293.mat,https://engineering.case.edu/bearingdatacenter/12k-fan-end-bearing-fault-data,9133e6cdc952670aca0a1a5576c24b1075c7701c956f43083bc38a3505af0271,2899632,data/raw_cwru_12k_fe/B021_3_FE12k.mat,data/raw_cwru_12k_fe/B021_3_FE12k.mat,,cwru_n12_FE_293,X293,FE_B021,cwrun12_FE_B021,FE,FE,SKF_6203_FE,CWRU_FE_6203,ball,21 mil,,3hp,1734.0,file_RPM_variable,12000,12000,X293_FE_time,True,True,True,120801,10.067,NATIVE12_ALLOWLISTED,conservative end/class/diameter identity (CWRU documents one test bearing per fault size and location; not serial-number certified),test
278,278.mat,IR007_0,official_12k_FE_fault,https://engineering.case.edu/sites/default/files/278.mat,https://engineering.case.edu/bearingdatacenter/12k-fan-end-bearing-fault-data,1ad584953158dcdf4eb1ceba71dee781e5596163aad37a2619b0649213f9e3dd,2937304,data/raw_cwru_12k_fe/IR007_0_FE12k.mat,data/raw_cwru_12k_fe/IR007_0_FE12k.mat,,cwru_n12_FE_278,X278,FE_IR007,cwrun12_FE_IR007,FE,FE,SKF_6203_FE,CWRU_FE_6203,inner_race,7 mil,,0hp,1796.0,file_RPM_variable,12000,12000,X278_FE_time,True,True,True,121535,10.128,NATIVE12_ALLOWLISTED,conservative end/class/diameter identity (CWRU documents one test bearing per fault size and location; not serial-number certified),train
279,279.mat,IR007_1,official_12k_FE_fault,https://engineering.case.edu/sites/default/files/279.mat,https://engineering.case.edu/bearingdatacenter/12k-fan-end-bearing-fault-data,6bfa8b958280248fbec06b0d543f532b3571e03550f6ac466de59cc215264595,2912832,data/raw_cwru_12k_fe/IR007_1_FE12k.mat,data/raw_cwru_12k_fe/IR007_1_FE12k.mat,,cwru_n12_FE_279,X279,FE_IR007,cwrun12_FE_IR007,FE,FE,SKF_6203_FE,CWRU_FE_6203,inner_race,7 mil,,1hp,1732.0,file_RPM_variable,12000,12000,X279_FE_time,True,True,True,121351,10.113,NATIVE12_ALLOWLISTED,conservative end/class/diameter identity (CWRU documents one test bearing per fault size and location; not serial-number certified),train
280,280.mat,IR007_2,official_12k_FE_fault,https://engineering.case.edu/sites/default/files/280.mat,https://engineering.case.edu/bearingdatacenter/12k-fan-end-bearing-fault-data,9ba0712567e9bc2a43ccb8d37e8f1c594cf671babcee7313150ae145a15c365d,2912832,data/raw_cwru_12k_fe/IR007_2_FE12k.mat,data/raw_cwru_12k_fe/IR007_2_FE12k.mat,,cwru_n12_FE_280,X280,FE_IR007,cwrun12_FE_IR007,FE,FE,SKF_6203_FE,CWRU_FE_6203,inner_race,7 mil,,2hp,1755.0,file_RPM_variable,12000,12000,X280_FE_time,True,True,True,121351,10.113,NATIVE12_ALLOWLISTED,conservative end/class/diameter identity (CWRU documents one test bearing per fault size and location; not serial-number certified),validation
281,281.mat,IR007_3,official_12k_FE_fault,https://engineering.case.edu/sites/default/files/281.mat,https://engineering.case.edu/bearingdatacenter/12k-fan-end-bearing-fault-data,0f1a41d62797039139cf27c6f8b823fe87de44dfb4b2ef03fc6e0ef4d3734992,2917248,data/raw_cwru_12k_fe/IR007_3_FE12k.mat,data/raw_cwru_12k_fe/IR007_3_FE12k.mat,,cwru_n12_FE_281,X281,FE_IR007,cwrun12_FE_IR007,FE,FE,SKF_6203_FE,CWRU_FE_6203,inner_race,7 mil,,3hp,1732.0,file_RPM_variable,12000,12000,X281_FE_time,True,True,True,121535,10.128,NATIVE12_ALLOWLISTED,conservative end/class/diameter identity (CWRU documents one test bearing per fault size and location; not serial-number certified),test
274,274.mat,IR014_0,official_12k_FE_fault,https://engineering.case.edu/sites/default/files/274.mat,https://engineering.case.edu/bearingdatacenter/12k-fan-end-bearing-fault-data,f39ea799aeffceb012dbfb7b58fbe52c80df4cdab64da9ad96eed03e5118e9a6,2912832,data/raw_cwru_12k_fe/IR014_0_FE12k.mat,data/raw_cwru_12k_fe/IR014_0_FE12k.mat,,cwru_n12_FE_274,X274,FE_IR014,cwrun12_FE_IR014,FE,FE,SKF_6203_FE,CWRU_FE_6203,inner_race,14 mil,,0hp,1796.0,file_RPM_variable,12000,12000,X274_FE_time,True,True,True,121351,10.113,NATIVE12_ALLOWLISTED,conservative end/class/diameter identity (CWRU documents one test bearing per fault size and location; not serial-number certified),train
275,275.mat,IR014_1,official_12k_FE_fault,https://engineering.case.edu/sites/default/files/275.mat,https://engineering.case.edu/bearingdatacenter/12k-fan-end-bearing-fault-data,6677df8434d4dc6f5130bdd4c07e25be562b5b93a49ff867a724f424fb11c577,2912832,data/raw_cwru_12k_fe/IR014_1_FE12k.mat,data/raw_cwru_12k_fe/IR014_1_FE12k.mat,,cwru_n12_FE_275,X275,FE_IR014,cwrun12_FE_IR014,FE,FE,SKF_6203_FE,CWRU_FE_6203,inner_race,14 mil,,1hp,1775.0,file_RPM_variable,12000,12000,X275_FE_time,True,True,True,121351,10.113,NATIVE12_ALLOWLISTED,conservative end/class/diameter identity (CWRU documents one test bearing per fault size and location; not serial-number certified),train
276,276.mat,IR014_2,official_12k_FE_fault,https://engineering.case.edu/sites/default/files/276.mat,https://engineering.case.edu/bearingdatacenter/12k-fan-end-bearing-fault-data,d1558eb6bd464e2a9e515bb4b2251814d53d61ab9c1f67ba25fbffe8dad47b5d,2912832,data/raw_cwru_12k_fe/IR014_2_FE12k.mat,data/raw_cwru_12k_fe/IR014_2_FE12k.mat,,cwru_n12_FE_276,X276,FE_IR014,cwrun12_FE_IR014,FE,FE,SKF_6203_FE,CWRU_FE_6203,inner_race,14 mil,,2hp,1755.0,file_RPM_variable,12000,12000,X276_FE_time,True,True,True,121351,10.113,NATIVE12_ALLOWLISTED,conservative end/class/diameter identity (CWRU documents one test bearing per fault size and location; not serial-number certified),validation
277,277.mat,IR014_3,official_12k_FE_fault,https://engineering.case.edu/sites/default/files/277.mat,https://engineering.case.edu/bearingdatacenter/12k-fan-end-bearing-fault-data,6abdf2d5dc823f50d95814c488735ca2083def087233608e2f2cd718782985a6,2928496,data/raw_cwru_12k_fe/IR014_3_FE12k.mat,data/raw_cwru_12k_fe/IR014_3_FE12k.mat,,cwru_n12_FE_277,X277,FE_IR014,cwrun12_FE_IR014,FE,FE,SKF_6203_FE,CWRU_FE_6203,inner_race,14 mil,,3hp,1733.0,file_RPM_variable,12000,12000,X277_FE_time,True,True,True,121168,10.097,NATIVE12_ALLOWLISTED,conservative end/class/diameter identity (CWRU documents one test bearing per fault size and location; not serial-number certified),test
270,270.mat,IR021_0,official_12k_FE_fault,https://engineering.case.edu/sites/default/files/270.mat,https://engineering.case.edu/bearingdatacenter/12k-fan-end-bearing-fault-data,fd7c20f53af7ccaf7ab6b08b885fbe4bf27ce44d9739af2725dc94c8130af953,2908440,data/raw_cwru_12k_fe/IR021_0_FE12k.mat,data/raw_cwru_12k_fe/IR021_0_FE12k.mat,,cwru_n12_FE_270,X270,FE_IR021,cwrun12_FE_IR021,FE,FE,SKF_6203_FE,CWRU_FE_6203,inner_race,21 mil,,0hp,1796.0,file_RPM_variable,12000,12000,X270_FE_time,True,True,True,121168,10.097,NATIVE12_ALLOWLISTED,conservative end/class/diameter identity (CWRU documents one test bearing per fault size and location; not serial-number certified),train
271,271.mat,IR021_1,official_12k_FE_fault,https://engineering.case.edu/sites/default/files/271.mat,https://engineering.case.edu/bearingdatacenter/12k-fan-end-bearing-fault-data,2362b0f50519001004b6167b6344deae2c1387121c532366855ce0df51c1a872,2908440,data/raw_cwru_12k_fe/IR021_1_FE12k.mat,data/raw_cwru_12k_fe/IR021_1_FE12k.mat,,cwru_n12_FE_271,X271,FE_IR021,cwrun12_FE_IR021,FE,FE,SKF_6203_FE,CWRU_FE_6203,inner_race,21 mil,,1hp,1776.0,file_RPM_variable,12000,12000,X271_FE_time,True,True,True,121168,10.097,NATIVE12_ALLOWLISTED,conservative end/class/diameter identity (CWRU documents one test bearing per fault size and location; not serial-number certified),train
272,272.mat,IR021_2,official_12k_FE_fault,https://engineering.case.edu/sites/default/files/272.mat,https://engineering.case.edu/bearingdatacenter/12k-fan-end-bearing-fault-data,7b9b455d79d696d1fc5762ef058a6363cb153dabdf404100cb4247af767acbd1,2904024,data/raw_cwru_12k_fe/IR021_2_FE12k.mat,data/raw_cwru_12k_fe/IR021_2_FE12k.mat,,cwru_n12_FE_272,X272,FE_IR021,cwrun12_FE_IR021,FE,FE,SKF_6203_FE,CWRU_FE_6203,inner_race,21 mil,,2hp,1758.0,file_RPM_variable,12000,12000,X272_FE_time,True,True,True,120984,10.082,NATIVE12_ALLOWLISTED,conservative end/class/diameter identity (CWRU documents one test bearing per fault size and location; not serial-number certified),validation
273,273.mat,IR021_3,official_12k_FE_fault,https://engineering.case.edu/sites/default/files/273.mat,https://engineering.case.edu/bearingdatacenter/12k-fan-end-bearing-fault-data,990bd16b90bf70650f102962331b066242792f285612d5081c2ba80053b2e637,2908440,data/raw_cwru_12k_fe/IR021_3_FE12k.mat,data/raw_cwru_12k_fe/IR021_3_FE12k.mat,,cwru_n12_FE_273,X273,FE_IR021,cwrun12_FE_IR021,FE,FE,SKF_6203_FE,CWRU_FE_6203,inner_race,21 mil,,3hp,1737.0,file_RPM_variable,12000,12000,X273_FE_time,True,True,True,121168,10.097,NATIVE12_ALLOWLISTED,conservative end/class/diameter identity (CWRU documents one test bearing per fault size and location; not serial-number certified),test
302,302.mat,OR007@12_0,official_12k_FE_fault,https://engineering.case.edu/sites/default/files/302.mat,https://engineering.case.edu/bearingdatacenter/12k-fan-end-bearing-fault-data,c82d3ac43ed7d4e5dc41d6e0498e43754f7326f1c80d983afbfec2a8dfc3299e,2908440,data/raw_cwru_12k_fe/OR007@12_0_FE12k.mat,data/raw_cwru_12k_fe/OR007@12_0_FE12k.mat,,cwru_n12_FE_302,X302,FE_OR007,cwrun12_FE_OR007,FE,FE,SKF_6203_FE,CWRU_FE_6203,outer_race,7 mil,12,0hp,1797.0,file_RPM_variable,12000,12000,X302_FE_time,True,True,True,121168,10.097,NATIVE12_ALLOWLISTED,conservative end/class/diameter identity (CWRU documents one test bearing per fault size and location; not serial-number certified),train
305,305.mat,OR007@12_1,official_12k_FE_fault,https://engineering.case.edu/sites/default/files/305.mat,https://engineering.case.edu/bearingdatacenter/12k-fan-end-bearing-fault-data,1e31694e7b03e57f45bcd49dddbfb1a36b6e7237c32505c9333a3f2bb3ef10ed,2904024,data/raw_cwru_12k_fe/OR007@12_1_FE12k.mat,data/raw_cwru_12k_fe/OR007@12_1_FE12k.mat,,cwru_n12_FE_305,X305,FE_OR007,cwrun12_FE_OR007,FE,FE,SKF_6203_FE,CWRU_FE_6203,outer_race,7 mil,12,1hp,1775.0,file_RPM_variable,12000,12000,X305_FE_time,True,True,True,120984,10.082,NATIVE12_ALLOWLISTED,conservative end/class/diameter identity (CWRU documents one test bearing per fault size and location; not serial-number certified),train
306,306.mat,OR007@12_2,official_12k_FE_fault,https://engineering.case.edu/sites/default/files/306.mat,https://engineering.case.edu/bearingdatacenter/12k-fan-end-bearing-fault-data,66ff410ca987b3561a121cb67d154a85057760bc6a72f30bafda8ee163712fd4,2921664,data/raw_cwru_12k_fe/OR007@12_2_FE12k.mat,data/raw_cwru_12k_fe/OR007@12_2_FE12k.mat,,cwru_n12_FE_306,X306,FE_OR007,cwrun12_FE_OR007,FE,FE,SKF_6203_FE,CWRU_FE_6203,outer_race,7 mil,12,2hp,1755.0,file_RPM_variable,12000,12000,X306_FE_time,True,True,True,121719,10.143,NATIVE12_ALLOWLISTED,conservative end/class/diameter identity (CWRU documents one test bearing per fault size and location; not serial-number certified),validation
307,307.mat,OR007@12_3,official_12k_FE_fault,https://engineering.case.edu/sites/default/files/307.mat,https://engineering.case.edu/bearingdatacenter/12k-fan-end-bearing-fault-data,8e5a47da86128668332fa6d17736515fcb1101c4e5a1e890cdb11e662a0573ca,2908440,data/raw_cwru_12k_fe/OR007@12_3_FE12k.mat,data/raw_cwru_12k_fe/OR007@12_3_FE12k.mat,,cwru_n12_FE_307,X307,FE_OR007,cwrun12_FE_OR007,FE,FE,SKF_6203_FE,CWRU_FE_6203,outer_race,7 mil,12,3hp,1733.0,file_RPM_variable,12000,12000,X307_FE_time,True,True,True,121168,10.097,NATIVE12_ALLOWLISTED,conservative end/class/diameter identity (CWRU documents one test bearing per fault size and location; not serial-number certified),test
298,298.mat,OR007@3_0,official_12k_FE_fault,https://engineering.case.edu/sites/default/files/298.mat,https://engineering.case.edu/bearingdatacenter/12k-fan-end-bearing-fault-data,a954b389feafb8c60e3ba1d04226d0511a340aad8fce082ab920c564b2012423,2904024,data/raw_cwru_12k_fe/OR007@3_0_FE12k.mat,data/raw_cwru_12k_fe/OR007@3_0_FE12k.mat,,cwru_n12_FE_298,X298,FE_OR007,cwrun12_FE_OR007,FE,FE,SKF_6203_FE,CWRU_FE_6203,outer_race,7 mil,3,0hp,1797.0,file_RPM_variable,12000,12000,X298_FE_time,True,True,True,120984,10.082,NATIVE12_ALLOWLISTED,conservative end/class/diameter identity (CWRU documents one test bearing per fault size and location; not serial-number certified),train
299,299.mat,OR007@3_1,official_12k_FE_fault,https://engineering.case.edu/sites/default/files/299.mat,https://engineering.case.edu/bearingdatacenter/12k-fan-end-bearing-fault-data,503fc5bd97d151ee053eb89562a4e2f2b24095b15c798600b66e17c87a48a29e,2908440,data/raw_cwru_12k_fe/OR007@3_1_FE12k.mat,data/raw_cwru_12k_fe/OR007@3_1_FE12k.mat,,cwru_n12_FE_299,X299,FE_OR007,cwrun12_FE_OR007,FE,FE,SKF_6203_FE,CWRU_FE_6203,outer_race,7 mil,3,1hp,1776.0,file_RPM_variable,12000,12000,X299_FE_time,True,True,True,121168,10.097,NATIVE12_ALLOWLISTED,conservative end/class/diameter identity (CWRU documents one test bearing per fault size and location; not serial-number certified),train
300,300.mat,OR007@3_2,official_12k_FE_fault,https://engineering.case.edu/sites/default/files/300.mat,https://engineering.case.edu/bearingdatacenter/12k-fan-end-bearing-fault-data,0b4ac23bbd279760fe3b8873ea257eab562718b5de44c4c617d309fb792550a1,2926056,data/raw_cwru_12k_fe/OR007@3_2_FE12k.mat,data/raw_cwru_12k_fe/OR007@3_2_FE12k.mat,,cwru_n12_FE_300,X300,FE_OR007,cwrun12_FE_OR007,FE,FE,SKF_6203_FE,CWRU_FE_6203,outer_race,7 mil,3,2hp,1755.0,file_RPM_variable,12000,12000,X300_FE_time,True,True,True,121902,10.159,NATIVE12_ALLOWLISTED,conservative end/class/diameter identity (CWRU documents one test bearing per fault size and location; not serial-number certified),validation
301,301.mat,OR007@3_3,official_12k_FE_fault,https://engineering.case.edu/sites/default/files/301.mat,https://engineering.case.edu/bearingdatacenter/12k-fan-end-bearing-fault-data,c709cd9f9ddf4a074850bce3384b14fad7f210b188da32d23cc6e6ab68f7a616,2921664,data/raw_cwru_12k_fe/OR007@3_3_FE12k.mat,data/raw_cwru_12k_fe/OR007@3_3_FE12k.mat,,cwru_n12_FE_301,X301,FE_OR007,cwrun12_FE_OR007,FE,FE,SKF_6203_FE,CWRU_FE_6203,outer_race,7 mil,3,3hp,1733.0,file_RPM_variable,12000,12000,X301_FE_time,True,True,True,121719,10.143,NATIVE12_ALLOWLISTED,conservative end/class/diameter identity (CWRU documents one test bearing per fault size and location; not serial-number certified),test
294,294.mat,OR007@6_0,official_12k_FE_fault,https://engineering.case.edu/sites/default/files/294.mat,https://engineering.case.edu/bearingdatacenter/12k-fan-end-bearing-fault-data,6b774ffb83a046a6a4402221c2bc02c84c8e4494ea8457452e366ccc048c7d5e,2908440,data/raw_cwru_12k_fe/OR007@6_0_FE12k.mat,data/raw_cwru_12k_fe/OR007@6_0_FE12k.mat,,cwru_n12_FE_294,X294,FE_OR007,cwrun12_FE_OR007,FE,FE,SKF_6203_FE,CWRU_FE_6203,outer_race,7 mil,6,0hp,1797.0,file_RPM_variable,12000,12000,X294_FE_time,True,True,True,121168,10.097,NATIVE12_ALLOWLISTED,conservative end/class/diameter identity (CWRU documents one test bearing per fault size and location; not serial-number certified),train
295,295.mat,OR007@6_1,official_12k_FE_fault,https://engineering.case.edu/sites/default/files/295.mat,https://engineering.case.edu/bearingdatacenter/12k-fan-end-bearing-fault-data,13f7052f2422f19858f4136aa645dcfefc28f474c6b7e54b6ffcc4abedee8e26,2917248,data/raw_cwru_12k_fe/OR007@6_1_FE12k.mat,data/raw_cwru_12k_fe/OR007@6_1_FE12k.mat,,cwru_n12_FE_295,X295,FE_OR007,cwrun12_FE_OR007,FE,FE,SKF_6203_FE,CWRU_FE_6203,outer_race,7 mil,6,1hp,1776.0,file_RPM_variable,12000,12000,X295_FE_time,True,True,True,121535,10.128,NATIVE12_ALLOWLISTED,conservative end/class/diameter identity (CWRU documents one test bearing per fault size and location; not serial-number certified),train
296,296.mat,OR007@6_2,official_12k_FE_fault,https://engineering.case.edu/sites/default/files/296.mat,https://engineering.case.edu/bearingdatacenter/12k-fan-end-bearing-fault-data,00785405cb36ab8c96a63b43d77e5016477e276154f7bd0a5f74f13825030150,2908440,data/raw_cwru_12k_fe/OR007@6_2_FE12k.mat,data/raw_cwru_12k_fe/OR007@6_2_FE12k.mat,,cwru_n12_FE_296,X296,FE_OR007,cwrun12_FE_OR007,FE,FE,SKF_6203_FE,CWRU_FE_6203,outer_race,7 mil,6,2hp,1756.0,file_RPM_variable,12000,12000,X296_FE_time,True,True,True,121168,10.097,NATIVE12_ALLOWLISTED,conservative end/class/diameter identity (CWRU documents one test bearing per fault size and location; not serial-number certified),validation
297,297.mat,OR007@6_3,official_12k_FE_fault,https://engineering.case.edu/sites/default/files/297.mat,https://engineering.case.edu/bearingdatacenter/12k-fan-end-bearing-fault-data,858c409a74f0dcbd31af28f79175daf5e494fe194269909c18c579851aaf3c1d,2926056,data/raw_cwru_12k_fe/OR007@6_3_FE12k.mat,data/raw_cwru_12k_fe/OR007@6_3_FE12k.mat,,cwru_n12_FE_297,X297,FE_OR007,cwrun12_FE_OR007,FE,FE,SKF_6203_FE,CWRU_FE_6203,outer_race,7 mil,6,3hp,1733.0,file_RPM_variable,12000,12000,X297_FE_time,True,True,True,121902,10.159,NATIVE12_ALLOWLISTED,conservative end/class/diameter identity (CWRU documents one test bearing per fault size and location; not serial-number certified),test
310,310.mat,OR014@3_0,official_12k_FE_fault,https://engineering.case.edu/sites/default/files/310.mat,https://engineering.case.edu/bearingdatacenter/12k-fan-end-bearing-fault-data,09e94ad346b84bbeb4cd172d5d66aacd08857369b23547a540cd266f71a18c17,2917248,data/raw_cwru_12k_fe/OR014@3_0_FE12k.mat,data/raw_cwru_12k_fe/OR014@3_0_FE12k.mat,,cwru_n12_FE_310,X310,FE_OR014,cwrun12_FE_OR014,FE,FE,SKF_6203_FE,CWRU_FE_6203,outer_race,14 mil,3,0hp,1796.0,file_RPM_variable,12000,12000,X310_FE_time,True,True,True,121535,10.128,NATIVE12_ALLOWLISTED,conservative end/class/diameter identity (CWRU documents one test bearing per fault size and location; not serial-number certified),train
309,309.mat,OR014@3_1,official_12k_FE_fault,https://engineering.case.edu/sites/default/files/309.mat,https://engineering.case.edu/bearingdatacenter/12k-fan-end-bearing-fault-data,af7f88db380cc666a06d14c465f7e2bb9b6c5db53daf2fbcfc966654f01577ce,2908440,data/raw_cwru_12k_fe/OR014@3_1_FE12k.mat,data/raw_cwru_12k_fe/OR014@3_1_FE12k.mat,,cwru_n12_FE_309,X309,FE_OR014,cwrun12_FE_OR014,FE,FE,SKF_6203_FE,CWRU_FE_6203,outer_race,14 mil,3,1hp,1774.0,file_RPM_variable,12000,12000,X309_FE_time,True,True,True,121168,10.097,NATIVE12_ALLOWLISTED,conservative end/class/diameter identity (CWRU documents one test bearing per fault size and location; not serial-number certified),train
311,311.mat,OR014@3_2,official_12k_FE_fault,https://engineering.case.edu/sites/default/files/311.mat,https://engineering.case.edu/bearingdatacenter/12k-fan-end-bearing-fault-data,8b5f2efba1c9d45cc88b9ced3bb02a2963ecbcc4ed15034f91e1295bf19db4fb,2904024,data/raw_cwru_12k_fe/OR014@3_2_FE12k.mat,data/raw_cwru_12k_fe/OR014@3_2_FE12k.mat,,cwru_n12_FE_311,X311,FE_OR014,cwrun12_FE_OR014,FE,FE,SKF_6203_FE,CWRU_FE_6203,outer_race,14 mil,3,2hp,1752.0,file_RPM_variable,12000,12000,X311_FE_time,True,True,True,120984,10.082,NATIVE12_ALLOWLISTED,conservative end/class/diameter identity (CWRU documents one test bearing per fault size and location; not serial-number certified),validation
312,312.mat,OR014@3_3,official_12k_FE_fault,https://engineering.case.edu/sites/default/files/312.mat,https://engineering.case.edu/bearingdatacenter/12k-fan-end-bearing-fault-data,e4f22d6012d316f62f9a46add474af6f956a8365a3eb2115904be0a9abc29f7f,2904024,data/raw_cwru_12k_fe/OR014@3_3_FE12k.mat,data/raw_cwru_12k_fe/OR014@3_3_FE12k.mat,,cwru_n12_FE_312,X312,FE_OR014,cwrun12_FE_OR014,FE,FE,SKF_6203_FE,CWRU_FE_6203,outer_race,14 mil,3,3hp,1728.0,file_RPM_variable,12000,12000,X312_FE_time,True,True,True,120984,10.082,NATIVE12_ALLOWLISTED,conservative end/class/diameter identity (CWRU documents one test bearing per fault size and location; not serial-number certified),test
313,313.mat,OR014@6_0,official_12k_FE_fault,https://engineering.case.edu/sites/default/files/313.mat,https://engineering.case.edu/bearingdatacenter/12k-fan-end-bearing-fault-data,74adda10ce37f133a16d1caf62f2a2c17434a56c18db5af2612eaf127897bc1f,2904024,data/raw_cwru_12k_fe/OR014@6_0_FE12k.mat,data/raw_cwru_12k_fe/OR014@6_0_FE12k.mat,,cwru_n12_FE_313,X313,FE_OR014,cwrun12_FE_OR014,FE,FE,SKF_6203_FE,CWRU_FE_6203,outer_race,14 mil,6,0hp,1797.0,file_RPM_variable,12000,12000,X313_FE_time,True,True,True,120984,10.082,NATIVE12_ALLOWLISTED,conservative end/class/diameter identity (CWRU documents one test bearing per fault size and location; not serial-number certified),train
316,316.mat,OR021@3_1,official_12k_FE_fault,https://engineering.case.edu/sites/default/files/316.mat,https://engineering.case.edu/bearingdatacenter/12k-fan-end-bearing-fault-data,4b0730d494cdf33b8aea1ab2195be5fcd408f37c0fe12d0a2644c88bc59657ff,2895216,data/raw_cwru_12k_fe/OR021@3_1_FE12k.mat,data/raw_cwru_12k_fe/OR021@3_1_FE12k.mat,,cwru_n12_FE_316,X316,FE_OR021,cwrun12_FE_OR021,FE,FE,SKF_6203_FE,CWRU_FE_6203,outer_race,21 mil,3,1hp,1773.0,file_RPM_variable,12000,12000,X316_FE_time,True,True,True,120617,10.051,NATIVE12_ALLOWLISTED,conservative end/class/diameter identity (CWRU documents one test bearing per fault size and location; not serial-number certified),train
317,317.mat,OR021@3_2,official_12k_FE_fault,https://engineering.case.edu/sites/default/files/317.mat,https://engineering.case.edu/bearingdatacenter/12k-fan-end-bearing-fault-data,ed46ca719883b337f75cffcf5d0024386f26c1591dd4163892b48f02d25b40e0,2895216,data/raw_cwru_12k_fe/OR021@3_2_FE12k.mat,data/raw_cwru_12k_fe/OR021@3_2_FE12k.mat,,cwru_n12_FE_317,X317,FE_OR021,cwrun12_FE_OR021,FE,FE,SKF_6203_FE,CWRU_FE_6203,outer_race,21 mil,3,2hp,1751.0,file_RPM_variable,12000,12000,X317_FE_time,True,True,True,120617,10.051,NATIVE12_ALLOWLISTED,conservative end/class/diameter identity (CWRU documents one test bearing per fault size and location; not serial-number certified),validation
318,318.mat,OR021@3_3,official_12k_FE_fault,https://engineering.case.edu/sites/default/files/318.mat,https://engineering.case.edu/bearingdatacenter/12k-fan-end-bearing-fault-data,307d56daeffb9e45a0aee649031e83b4165adb8a32cefabb925e540ca51aad8e,2912832,data/raw_cwru_12k_fe/OR021@3_3_FE12k.mat,data/raw_cwru_12k_fe/OR021@3_3_FE12k.mat,,cwru_n12_FE_318,X318,FE_OR021,cwrun12_FE_OR021,FE,FE,SKF_6203_FE,CWRU_FE_6203,outer_race,21 mil,3,3hp,1728.0,file_RPM_variable,12000,12000,X318_FE_time,True,True,True,121351,10.113,NATIVE12_ALLOWLISTED,conservative end/class/diameter identity (CWRU documents one test bearing per fault size and location; not serial-number certified),test
315,315.mat,OR021@6_0,official_12k_FE_fault,https://engineering.case.edu/sites/default/files/315.mat,https://engineering.case.edu/bearingdatacenter/12k-fan-end-bearing-fault-data,e1f6acfe79b622a24bf2ed3d092b83342c9a280a0e443df480c7220a49fff392,2895216,data/raw_cwru_12k_fe/OR021@6_0_FE12k.mat,data/raw_cwru_12k_fe/OR021@6_0_FE12k.mat,,cwru_n12_FE_315,X315,FE_OR021,cwrun12_FE_OR021,FE,FE,SKF_6203_FE,CWRU_FE_6203,outer_race,21 mil,6,0hp,1797.0,file_RPM_variable,12000,12000,X315_FE_time,True,True,True,120617,10.051,NATIVE12_ALLOWLISTED,conservative end/class/diameter identity (CWRU documents one test bearing per fault size and location; not serial-number certified),train
