official_filename,official_label,category,official_file_number,local_aliases,local_sha256,reason
109.mat,IR007_0,official_48k_DE_fault,109,data/raw_cwru_48k/inner_race/IR007_0_DE48k.mat,daddef5f784879becdf8fefbe2453f11c3cfc8d061a2a671da2f546d1bb48460,"48k DE source category: excluded as an entire acquisition (no channel salvage, no resampling, no relabelling)"
110.mat,IR007_1,official_48k_DE_fault,110,data/raw_cwru_48k/inner_race/IR007_1_DE48k.mat,9e2bc579af6f4e6d9d26bf63b7ed84ecba7775740d56a3737cc8f04f73c22d1a,"48k DE source category: excluded as an entire acquisition (no channel salvage, no resampling, no relabelling)"
111.mat,IR007_2,official_48k_DE_fault,111,data/raw_cwru_48k/inner_race/IR007_2_DE48k.mat,a2e64a397a990efb91ba55252a84796f755bda3eb097c4b47cc0730a08dab309,"48k DE source category: excluded as an entire acquisition (no channel salvage, no resampling, no relabelling)"
112.mat,IR007_3,official_48k_DE_fault,112,data/raw_cwru_48k/inner_race/IR007_3_DE48k.mat,1775db11999f268c6ccf04b3ee19857f90a3636f4a582f1abd9a627f991e72d4,"48k DE source category: excluded as an entire acquisition (no channel salvage, no resampling, no relabelling)"
122.mat,B007_0,official_48k_DE_fault,122,data/raw_cwru_48k/ball/B007_0_DE48k.mat,f392129bf3b43360b964d4e5b3479d0797d1647af8359934b0f56b9abab4739a,"48k DE source category: excluded as an entire acquisition (no channel salvage, no resampling, no relabelling)"
123.mat,B007_1,official_48k_DE_fault,123,data/raw_cwru_48k/ball/B007_1_DE48k.mat,a1932ec4bad2460238088ca523fdcec6498e562e91f86255863d3987d9fcd558,"48k DE source category: excluded as an entire acquisition (no channel salvage, no resampling, no relabelling)"
124.mat,B007_2,official_48k_DE_fault,124,data/raw_cwru_48k/ball/B007_2_DE48k.mat,88719243f1b7dbe795c108acaf67ca0115c51517ac35a3fe3460eb07917b2a9a,"48k DE source category: excluded as an entire acquisition (no channel salvage, no resampling, no relabelling)"
125.mat,B007_3,official_48k_DE_fault,125,data/raw_cwru_48k/ball/B007_3_DE48k.mat,2607d0c291ed9a6138aed3eed7015e133f1cf866ac5cdf2251921f08d058f362,"48k DE source category: excluded as an entire acquisition (no channel salvage, no resampling, no relabelling)"
135.mat,OR007@6_0,official_48k_DE_fault,135,data/raw_cwru_48k/outer_race/OR007@6_0_DE48k.mat,5a1c3ceec1f2b58af9e01051e425aa9d31dd018f58a8d31cda25bbdb1ac6dca9,"48k DE source category: excluded as an entire acquisition (no channel salvage, no resampling, no relabelling)"
136.mat,OR007@6_1,official_48k_DE_fault,136,data/raw_cwru_48k/outer_race/OR007@6_1_DE48k.mat,37f259eebbc92afa8bd1b445d02af14e83608a48cd7a3cf5c323515ddc2d0f24,"48k DE source category: excluded as an entire acquisition (no channel salvage, no resampling, no relabelling)"
137.mat,OR007@6_2,official_48k_DE_fault,137,data/raw_cwru_48k/outer_race/OR007@6_2_DE48k.mat,a81b621153e426aa32848be8157c42bcd81065a28ac7655a9a6597f3889fa3ef,"48k DE source category: excluded as an entire acquisition (no channel salvage, no resampling, no relabelling)"
138.mat,OR007@6_3,official_48k_DE_fault,138,data/raw_cwru_48k/outer_race/OR007@6_3_DE48k.mat,b43eeb67badeb129047ddd3658bf673815dc4bd445facb4217eb04653bb2e11d,"48k DE source category: excluded as an entire acquisition (no channel salvage, no resampling, no relabelling)"
148.mat,OR007@3_0,official_48k_DE_fault,148,data/raw_cwru_48k/outer_race/OR007@3_0_DE48k.mat,917d93670a6de924298c8e393d079495bfb2f8d6dd3ade60871b1aede9f9bef4,"48k DE source category: excluded as an entire acquisition (no channel salvage, no resampling, no relabelling)"
149.mat,OR007@3_1,official_48k_DE_fault,149,data/raw_cwru_48k/outer_race/OR007@3_1_DE48k.mat,6b94cdfeedfbd21c58e201c33f6d9af9f2eb9692445dbf6910b3755efc6e15c9,"48k DE source category: excluded as an entire acquisition (no channel salvage, no resampling, no relabelling)"
150.mat,OR007@3_2,official_48k_DE_fault,150,data/raw_cwru_48k/outer_race/OR007@3_2_DE48k.mat,7dcfad2d179ad9272704e0cdf9f118452ebdf4e6ba73c571f9ffd7ae71272bc2,"48k DE source category: excluded as an entire acquisition (no channel salvage, no resampling, no relabelling)"
151.mat,OR007@3_3,official_48k_DE_fault,151,data/raw_cwru_48k/outer_race/OR007@3_3_DE48k.mat,e0339d60f58930fe419981f412965b8bd597aabe7a7b03dac0aa2f0459235496,"48k DE source category: excluded as an entire acquisition (no channel salvage, no resampling, no relabelling)"
161.mat,OR007@12_0,official_48k_DE_fault,161,data/raw_cwru_48k/outer_race/OR007@12_0_DE48k.mat,bd426b6fb9501b5d29de17dd85a1e31b06031c4b018b5bb6ce1ec87895d60ce2,"48k DE source category: excluded as an entire acquisition (no channel salvage, no resampling, no relabelling)"
162.mat,OR007@12_1,official_48k_DE_fault,162,data/raw_cwru_48k/outer_race/OR007@12_1_DE48k.mat,c61dfb2600ac9cbadea425d45c72025ed7432a1b99f1989c6870b714d8fd92c9,"48k DE source category: excluded as an entire acquisition (no channel salvage, no resampling, no relabelling)"
163.mat,OR007@12_2,official_48k_DE_fault,163,data/raw_cwru_48k/outer_race/OR007@12_2_DE48k.mat,77e38a8b8e67d82012700607d47e79718dd039f230853e8652a21778b1d2e374,"48k DE source category: excluded as an entire acquisition (no channel salvage, no resampling, no relabelling)"
164.mat,OR007@12_3,official_48k_DE_fault,164,data/raw_cwru_48k/outer_race/OR007@12_3_DE48k.mat,baf59b7f7052bde9c64af8e83a8453ae3f207029f790efd45556e112c673be7a,"48k DE source category: excluded as an entire acquisition (no channel salvage, no resampling, no relabelling)"
174.mat,IR014_0,official_48k_DE_fault,174,data/raw_cwru_48k/inner_race/IR014_0_DE48k.mat,ca7113a900d9217aa5632e0dad4f8791caed4d314321daa011719e1bc99f3026,"48k DE source category: excluded as an entire acquisition (no channel salvage, no resampling, no relabelling)"
175.mat,IR014_1,official_48k_DE_fault,175,data/raw_cwru_48k/inner_race/IR014_1_DE48k.mat,18302e96425ad163db699da3a2ca63d8f6ef4dfc99172e97ab21a8a77a83ac17,"48k DE source category: excluded as an entire acquisition (no channel salvage, no resampling, no relabelling)"
176.mat,IR014_2,official_48k_DE_fault,176,data/raw_cwru_48k/inner_race/IR014_2_DE48k.mat,569c7b292018e7e88cf4b375b091433c7566b9503545188979e93f6428427247,"48k DE source category: excluded as an entire acquisition (no channel salvage, no resampling, no relabelling)"
177.mat,IR014_3,official_48k_DE_fault,177,data/raw_cwru_48k/inner_race/IR014_3_DE48k.mat,5cffc5aa2b1e5cc65a97ebcfaa369b886ad8db8b8840e0e0095e97b8b9be4c16,"48k DE source category: excluded as an entire acquisition (no channel salvage, no resampling, no relabelling)"
189.mat,B014_0,official_48k_DE_fault,189,data/raw_cwru_48k/ball/B014_0_DE48k.mat,6fd84310f781e1ab54a9a746b8626c73a863f2b02cea4c86229ca2444cb20a9a,"48k DE source category: excluded as an entire acquisition (no channel salvage, no resampling, no relabelling)"
190.mat,B014_1,official_48k_DE_fault,190,data/raw_cwru_48k/ball/B014_1_DE48k.mat,ae5fb00ce1eeefa5e21013197b186c0496f52820bdff00b385c58dfcb64a5b2f,"48k DE source category: excluded as an entire acquisition (no channel salvage, no resampling, no relabelling)"
191.mat,B014_2,official_48k_DE_fault,191,data/raw_cwru_48k/ball/B014_2_DE48k.mat,bb39df077745821a3917e432ab1bc2f5d7c4e01a6e2338d1271b6994ec68dc7f,"48k DE source category: excluded as an entire acquisition (no channel salvage, no resampling, no relabelling)"
192.mat,B014_3,official_48k_DE_fault,192,data/raw_cwru_48k/ball/B014_3_DE48k.mat,099b7f3399d0ea81aedfab20667a9517059441c10f2a9d52130687cc9643e2c7,"48k DE source category: excluded as an entire acquisition (no channel salvage, no resampling, no relabelling)"
201.mat,OR014@6_0,official_48k_DE_fault,201,data/raw_cwru_48k/outer_race/OR014@6_0_DE48k.mat,6c27615a61f19f05f65cf2cc2aa4bca5bda051c9d93a708d0ee8baf5138834fa,"48k DE source category: excluded as an entire acquisition (no channel salvage, no resampling, no relabelling)"
202.mat,OR014@6_1,official_48k_DE_fault,202,data/raw_cwru_48k/outer_race/OR014@6_1_DE48k.mat,16f1a7eadbd6703a7a1ab1a32f8d7b97b6b85c1b31b1e760c123a9e175d8ae63,"48k DE source category: excluded as an entire acquisition (no channel salvage, no resampling, no relabelling)"
203.mat,OR014@6_2,official_48k_DE_fault,203,data/raw_cwru_48k/outer_race/OR014@6_2_DE48k.mat,3cad2848f4c96cde04fc06ca0f541ad663298ecb50eb7fc74e25b72ab29e1c5a,"48k DE source category: excluded as an entire acquisition (no channel salvage, no resampling, no relabelling)"
204.mat,OR014@6_3,official_48k_DE_fault,204,data/raw_cwru_48k/outer_race/OR014@6_3_DE48k.mat,f3b1736698a580c2ea44cce78045833a9e76476d9153da8af5275c2e30e38a10,"48k DE source category: excluded as an entire acquisition (no channel salvage, no resampling, no relabelling)"
213.mat,IR021_0,official_48k_DE_fault,213,data/raw_cwru_48k/inner_race/IR021_0_DE48k.mat,6afb81f36a9efcdd370a52166d71c13cb42278c7de22752c81d4b2a22fa133f0,"48k DE source category: excluded as an entire acquisition (no channel salvage, no resampling, no relabelling)"
214.mat,IR021_1,official_48k_DE_fault,214,data/raw_cwru_48k/inner_race/IR021_1_DE48k.mat,a8fe29f358b7f9c140f38e0cd7fbafdd7441c44e30a5b704ecb9be64cbb841ed,"48k DE source category: excluded as an entire acquisition (no channel salvage, no resampling, no relabelling)"
215.mat,IR021_2,official_48k_DE_fault,215,data/raw_cwru_48k/inner_race/IR021_2_DE48k.mat|data/raw_cwru_48k/inner_race/IR021_3_DE48k.mat,1e3d65088782a29aa70004896db4b9836499dd12edd3c58fb496f4befca6f746|fb5b067c04b4c8449cbdd4ac4e376d7eb0804b9203efcab513e42aaf2f6a2cf7,"48k DE source category: excluded as an entire acquisition (no channel salvage, no resampling, no relabelling)"
217.mat,IR021_3,official_48k_DE_fault,217,data/raw_cwru_48k/inner_race/IR014_1_DE48k.mat|data/raw_cwru_48k/inner_race/IR021_3_DE48k.mat,18302e96425ad163db699da3a2ca63d8f6ef4dfc99172e97ab21a8a77a83ac17|fb5b067c04b4c8449cbdd4ac4e376d7eb0804b9203efcab513e42aaf2f6a2cf7,"48k DE source category: excluded as an entire acquisition (no channel salvage, no resampling, no relabelling)"
226.mat,B021_0,official_48k_DE_fault,226,data/raw_cwru_48k/ball/B021_0_DE48k.mat,fc78f08085760f2e17bcf7efe486b3a278e108093cd184acf278daecad6765e4,"48k DE source category: excluded as an entire acquisition (no channel salvage, no resampling, no relabelling)"
227.mat,B021_1,official_48k_DE_fault,227,data/raw_cwru_48k/ball/B021_1_DE48k.mat,c5c7aa64243ecd1428999aae4be29ba5d4de9235fee9731352c6cce7de604675,"48k DE source category: excluded as an entire acquisition (no channel salvage, no resampling, no relabelling)"
228.mat,B021_2,official_48k_DE_fault,228,data/raw_cwru_48k/ball/B021_2_DE48k.mat,ea819eb0404f76ccdbe6074463469bda8fbbe04b7c0c75cf1443d2b5ac3484f6,"48k DE source category: excluded as an entire acquisition (no channel salvage, no resampling, no relabelling)"
229.mat,B021_3,official_48k_DE_fault,229,data/raw_cwru_48k/ball/B021_3_DE48k.mat,4fc20e3eeef375dc1a8ac577f04b4b0e0fa9e319ec51a61f7a02e756b0069499,"48k DE source category: excluded as an entire acquisition (no channel salvage, no resampling, no relabelling)"
238.mat,OR021@6_0,official_48k_DE_fault,238,data/raw_cwru_48k/outer_race/OR021@6_0_DE48k.mat,63209a4057f199beb42beedf5b4481987fdb3ac746c46777dd385d689bc481df,"48k DE source category: excluded as an entire acquisition (no channel salvage, no resampling, no relabelling)"
239.mat,OR021@6_1,official_48k_DE_fault,239,data/raw_cwru_48k/outer_race/OR021@6_1_DE48k.mat,4ba7dc55258359577a68f6de5c0ff6675776d2b2c30d691dd4d71640e34834af,"48k DE source category: excluded as an entire acquisition (no channel salvage, no resampling, no relabelling)"
240.mat,OR021@6_2,official_48k_DE_fault,240,data/raw_cwru_48k/outer_race/OR021@6_2_DE48k.mat,c5d8b4db09880b660da88865fff0e81afef0f5ad68bdf0ad7b75c722ae3e7e1c,"48k DE source category: excluded as an entire acquisition (no channel salvage, no resampling, no relabelling)"
241.mat,OR021@6_3,official_48k_DE_fault,241,data/raw_cwru_48k/outer_race/OR021@6_3_DE48k.mat,cb64eed96d401837c25df63598b7d1a00868368e1ed503a8dcef1e5226ec9caa,"48k DE source category: excluded as an entire acquisition (no channel salvage, no resampling, no relabelling)"
250.mat,OR021@3_0,official_48k_DE_fault,250,data/raw_cwru_48k/outer_race/OR021@3_0_DE48k.mat,0c4a4f6eab7745dac244a118aed50b7a2c57f95759aa91ed2f2428fb8b2c538d,"48k DE source category: excluded as an entire acquisition (no channel salvage, no resampling, no relabelling)"
251.mat,OR021@3_1,official_48k_DE_fault,251,data/raw_cwru_48k/outer_race/OR021@3_1_DE48k.mat,5d88b77ea2d24a5f9ee1c9cb52a85fcb8b925c81534f2c1021cde21c1b3bc53b,"48k DE source category: excluded as an entire acquisition (no channel salvage, no resampling, no relabelling)"
252.mat,OR021@3_2,official_48k_DE_fault,252,data/raw_cwru_48k/outer_race/OR021@3_2_DE48k.mat,5f41f6ad32cfab90259a82bf814434a88e55f548eeac9ceb8eeae25bf43c57b4,"48k DE source category: excluded as an entire acquisition (no channel salvage, no resampling, no relabelling)"
253.mat,OR021@3_3,official_48k_DE_fault,253,data/raw_cwru_48k/outer_race/OR021@3_3_DE48k.mat,9039c52a922d6fd8a15192d4615401b15e6752b85b47d3b5ec2168f13f878c99,"48k DE source category: excluded as an entire acquisition (no channel salvage, no resampling, no relabelling)"
262.mat,OR021@12_0,official_48k_DE_fault,262,data/raw_cwru_48k/outer_race/OR021@12_0_DE48k.mat,aacd79e77bc712768ed7062e6c893257e2f8daf95ef0da40a80532d657c5d461,"48k DE source category: excluded as an entire acquisition (no channel salvage, no resampling, no relabelling)"
263.mat,OR021@12_1,official_48k_DE_fault,263,data/raw_cwru_48k/outer_race/OR021@12_1_DE48k.mat,7f9b92bb538bbddadc0a000dec739dc814e329a5a5183f4dabe30bf13b3f57ad,"48k DE source category: excluded as an entire acquisition (no channel salvage, no resampling, no relabelling)"
264.mat,OR021@12_2,official_48k_DE_fault,264,data/raw_cwru_48k/outer_race/OR021@12_2_DE48k.mat,0a2c21b416386a7d7f7e69ca4b863172359eeca37276d092ffb2e72377b75a7c,"48k DE source category: excluded as an entire acquisition (no channel salvage, no resampling, no relabelling)"
265.mat,OR021@12_3,official_48k_DE_fault,265,data/raw_cwru_48k/outer_race/OR021@12_3_DE48k.mat,de8e9f58f73b75c0a4be6df43435ccc67fa7bce5e237eeed0d90ccedf283c479,"48k DE source category: excluded as an entire acquisition (no channel salvage, no resampling, no relabelling)"
97-100.mat (48k normal baseline),Normal_*,official_48k_normal_baseline,-1,data/raw/normal/Normal_0HP.mat|data/raw/normal/Normal_0HP.mat|data/raw_cwru_48k/normal/Normal_0HP_baseline.mat,16bf48babcf1c7ac224bc1a81cd9eafdb27e42d5cf559761907e067e8eeadf3c,48k normal baseline (sealed registry documents 48k even in the 12k-named directory); no Healthy class
97-100.mat (48k normal baseline),Normal_*,official_48k_normal_baseline,-1,data/raw/normal/Normal_1HP.mat|data/raw/normal/Normal_1HP.mat|data/raw_cwru_48k/normal/Normal_1HP_baseline.mat,37e6612c05e65c415dcfa2ab27a3fda648a5863160fa898b884a14743044e045,48k normal baseline (sealed registry documents 48k even in the 12k-named directory); no Healthy class
97-100.mat (48k normal baseline),Normal_*,official_48k_normal_baseline,-1,data/raw/normal/Normal_2HP.mat|data/raw/normal/Normal_2HP.mat|data/raw_cwru_48k/normal/Normal_2HP_baseline.mat,4b97e6b5361f45efb6951dc3b1aebcdb3b89cb69d0f96d6f5c297dd9f45eee75,48k normal baseline (sealed registry documents 48k even in the 12k-named directory); no Healthy class
97-100.mat (48k normal baseline),Normal_*,official_48k_normal_baseline,-1,data/raw/normal/Normal_3HP.mat|data/raw/normal/Normal_3HP.mat|data/raw_cwru_48k/normal/Normal_3HP_baseline.mat,88a5990cb541320e91505a1d72139e1993500ffe6e292a451011667f4138ca78,48k normal baseline (sealed registry documents 48k even in the 12k-named directory); no Healthy class
