true\pred,normal,imbalance,horizontal-misalignment,vertical-misalignment,underhang/ball_fault,underhang/cage_fault,underhang/outer_race,overhang/ball_fault,overhang/cage_fault,overhang/outer_race
normal,97.777778,0.000000,0.634921,0.000000,0.000000,0.000000,0.000000,0.000000,0.000000,1.587302
imbalance,2.095238,93.857143,2.809524,0.904762,0.000000,0.285714,0.047619,0.000000,0.000000,0.000000
horizontal-misalignment,2.312925,8.707483,77.414966,5.396825,0.000000,2.267574,3.582766,0.000000,0.000000,0.317460
vertical-misalignment,0.000000,0.000000,0.000000,100.000000,0.000000,0.000000,0.000000,0.000000,0.000000,0.000000
underhang/ball_fault,0.000000,0.000000,0.000000,0.000000,99.803922,0.000000,0.000000,0.196078,0.000000,0.000000
underhang/cage_fault,0.047962,1.055156,0.000000,0.095923,0.239808,98.129496,0.431655,0.000000,0.000000,0.000000
underhang/outer_race,0.000000,0.000000,0.049383,0.000000,0.246914,0.938272,98.765432,0.000000,0.000000,0.000000
overhang/ball_fault,0.000000,0.000000,0.000000,0.000000,0.378788,0.000000,0.075758,97.348485,0.000000,2.196970
overhang/cage_fault,0.000000,0.000000,0.000000,0.000000,0.000000,0.000000,0.000000,0.000000,88.537170,11.462830
overhang/outer_race,0.000000,0.000000,0.000000,0.000000,0.000000,0.000000,0.000000,0.000000,19.376499,80.623501
